,Property Name,Year Built,Water Intensity (gal/sf)_num,GHGI/GUI,E_Jan,E_Feb,E_Mar,E_Apr,E_May,E_Jun,E_Jul,E_Aug,E_Sep,E_Oct,E_Nov,E_Dec,G_Jan,G_Feb,G_Mar,G_Apr,G_May,G_Jun,G_Jul,G_Aug,G_Sep,G_Oct,G_Nov,G_Dec,Uses_College,Uses_Sports,Uses_ResidentHousing,Uses_Laboratory,Uses_Office,Uses_Hotel,Uses_Distribution,Uses_Food,Uses_Worship,Uses_Medical,Jan,Feb,Mar,Apr,May,Jun,Jul,Aug,Sep,Oct,Nov,Dec
52,111 Cummington Street (664-666 Comm. Ave),1911.0,9.906107789536508,0.37634941071605427,14.668765037072637,8.189697140578737,7.030623274446024,7.021731680703277,8.29690330297833,8.587730786443803,8.815886131846412,9.044513943997922,7.977889144688128,7.426402908211452,7.375355756887422,6.973500892145871,7.581128263600498,3.8224160300580645,2.558246453905142,1.7056844326116087,1.2387172670653237,1.165050861020739,0.4894482174863894,2.2749070910432745,1.9410536520889494,2.2165351135159646,1.9093748472750078,3.3884377703290403,1,0,0,0,0,0,0,0,0,0,26.2,19.1,33.3,48.05,62.3,64.65,73.85,74.65,69.2,54.0,48.55,45.25
54,300 Babcock Street,1986.0,3.0909090909090913,0.11285620238878963,3.7707241663600812,2.105227593809292,1.807278323603023,1.804992667835922,2.1327858010831298,2.207545347464397,2.2661945161176256,2.324965136152983,2.050780642977745,1.9090166652985052,1.895894584016619,1.792594555280681,10.644764032466949,5.367105694444871,3.592068210937027,2.394974424345084,1.7392995544162406,1.6358635641257824,0.6872408169466545,3.1942276054356915,2.72545950713569,3.1122667276769005,2.680978871754007,4.757750990315102,1,0,0,0,0,0,0,0,0,0,26.2,19.1,33.3,48.05,62.3,64.65,73.85,74.65,69.2,54.0,48.55,45.25
55,605-615 Commonwealth Avenue (2 Silber Way),1981.0,5.381176470588236,0.0942084942084942,4.0140246899068694,2.241064359682671,1.9238903437158161,1.9214572093158986,2.270400720425689,2.349984018418637,2.4124174398597558,2.4749801491577905,2.1831042980908557,2.0321932047734204,2.018224440174205,1.9082591264783988,16.205409364766176,8.170791256355342,5.468504106512097,3.6460687006570156,2.6478803288924007,2.4904111205009034,1.046243837517537,4.862838273581328,4.149193620968587,4.738062414583827,4.08147705130424,7.243119924360548,1,0,0,0,0,0,0,0,0,0,26.2,19.1,33.3,48.05,62.3,64.65,73.85,74.65,69.2,54.0,48.55,45.25
56,622-640 Commonwealth Avenue,1902.0,61.62671681226345,0.12339754575992323,6.111732295421442,3.4122324801914306,2.9293050379344376,2.9256003606492014,3.4568998644838267,3.5780729638279003,3.673133753836194,3.7683913968365745,3.323982803709363,3.094206388759876,3.072937623287946,2.9055050310618125,14.603138619542499,7.362923988043574,4.927818959177881,3.2855724563078845,2.386077551045773,2.244177730640721,0.9427990028026755,4.382036873929318,3.7389521142281867,4.269597926890149,3.677930856980692,6.526973920410644,1,0,0,0,0,0,0,0,0,0,26.2,19.1,33.3,48.05,62.3,64.65,73.85,74.65,69.2,54.0,48.55,45.25
63,785 Commonwealth Avenue (1 University Road),1931.0,12.337721620683988,0.0904301328929779,5.722914336269384,3.195152083837305,2.7429476597755875,2.7394786677251974,3.2369778055107017,3.350442079449188,3.4394552645265364,3.528652779145183,3.1125167008888877,2.8973582686002026,2.877442585623505,2.720661768648338,25.462139415194624,12.838048173846596,8.59218121668131,5.728748190425362,4.160382287879495,3.912964722089265,1.643871244072342,7.640551576850503,6.519264281434134,7.444502205561394,6.412867170524915,11.380479515440074,1,0,0,0,0,0,0,0,0,0,26.2,19.1,33.3,48.05,62.3,64.65,73.85,74.65,69.2,54.0,48.55,45.25
65,871 Commonwealth Avenue,1926.0,7.092989329776592,0.0810122675719466,3.1727429747177394,1.771369573523593,1.5206706594256834,1.518747474923781,1.7945574559213355,1.8574612418015992,1.9068095180498696,1.956259985283855,1.725557105381075,1.6062748019279354,1.595233689037154,1.5083155200063856,19.463009492824813,9.813278036165709,6.5677790014983755,4.378998896915729,3.1801553923806405,2.9910318331563435,1.256559046616043,5.840362643757924,4.983261639046226,5.6905044283015584,4.901932731609662,8.699126857726988,1,0,0,0,0,0,0,0,0,0,26.2,19.1,33.3,48.05,62.3,64.65,73.85,74.65,69.2,54.0,48.55,45.25
141,915 Commonwealth Avenue,2004.0,26.34637035074817,0.14624323625032343,12.354083123995533,6.897390406033077,5.921214507594116,5.913725977515062,6.98767979565394,7.232615677876776,7.424768875174853,7.617319985553853,6.719005001334982,6.254541442885894,6.211549360791293,5.873105845590653,22.247837137639532,11.217392233995296,7.507517151199689,5.005559614015508,3.6351818699032,3.4189979264044292,1.436351404609211,6.676019809319923,5.696282139749199,6.504719416518921,5.603316440487844,9.943824856157255,0,1,0,0,0,0,0,0,0,0,26.2,19.1,33.3,48.05,62.3,64.65,73.85,74.65,69.2,54.0,48.55,45.25
192,Hotel Commonwealth,2002.0,59.339985234083215,0.13478668541959676,8.410502759277298,4.695655716374387,4.031087572793241,4.025989476701391,4.757123585168694,4.923872820430026,5.054688274710113,5.185774623157859,4.574213200295306,4.258012313453902,4.228743850432036,3.998335807205767,17.082879098092363,8.613212787548886,5.76460565705158,3.843491354935063,2.7912543587471776,2.6252587095121185,1.10289450770034,5.126145006974011,4.373858838499335,4.994612944707858,4.302475638823511,7.6353110974077785,0,0,0,0,0,1,0,0,0,0,26.2,19.1,33.3,48.05,62.3,64.65,73.85,74.65,69.2,54.0,48.55,45.25
199,"285 Babcock, Case Center",1972.0,44.15996117005544,0.09864815491413957,7.45234421708115,4.1607075967874305,3.571849748044643,3.567332447710094,4.215172796984919,4.36292528392534,4.478837711768454,4.594990172418355,4.053100304059131,3.7729223030604193,3.746988221901804,3.5428291962582743,27.400281347561407,13.815262189124061,9.246205862253968,6.164812376029809,4.477064685824557,4.2108140459063925,1.769000391218841,8.222139524195889,7.015501430480941,8.011167152874709,6.901005522421441,12.246745472107998,0,1,0,0,0,0,0,0,0,0,26.2,19.1,33.3,48.05,62.3,64.65,73.85,74.65,69.2,54.0,48.55,45.25
200,925 Commonwealth Avenue,2004.0,24.93067576701782,0.14906027219701878,11.159711885632973,6.230562715297949,5.348761802438746,5.341997250404382,6.312123083994303,6.53337899174767,6.706955152619105,6.880890757027875,6.069423300818362,5.649863270207907,5.611027587727565,5.305304202083189,19.308839111841092,9.735545103132274,6.515754313782368,4.34431197306083,3.1549647470895557,2.967339273307254,1.2466055917293897,5.794099966128178,4.943788229462958,5.645428807492545,4.863103544526984,8.630219338446585,0,1,0,0,0,0,0,0,0,0,26.2,19.1,33.3,48.05,62.3,64.65,73.85,74.65,69.2,54.0,48.55,45.25
365,2 Cummington Street (23-25 Blandford Street),1905.0,22.910256825468803,0.14185621947007448,10.824414255679669,6.043363177072923,5.188056295529439,5.181494986937921,6.122473034626852,6.337081227614537,6.505442229174242,6.674151874658586,5.887065255305762,5.4801110594452105,5.442442209265446,5.145904394689425,20.289422801279763,10.229956842783244,6.846651597015024,4.564934323163907,3.31518706567798,3.118033184814938,1.3099134427779413,6.088348620273223,5.194854493663034,5.9321273177680585,5.110072302627525,9.068498008155382,0,0,0,1,0,0,0,0,0,0,26.2,19.1,33.3,48.05,62.3,64.65,73.85,74.65,69.2,54.0,48.55,45.25
366,20-28 Cummington Street (24 Cummington St),1983.0,46.47752883468116,0.16265302225119685,24.770220899953948,13.829426455680709,11.872171319961353,11.857156644860629,14.010458759202029,14.501560838416673,14.88683241996051,15.272901826386578,13.471759615062071,12.540499494234771,12.454299380495549,11.775712345785243,38.00625250818992,19.16280846048422,12.825183445600118,8.551058759469845,6.210025685013333,5.8407160081220955,2.453736686237847,11.404726358474745,9.731028505010451,11.11209180064025,9.572214063010163,16.987157719747024,0,0,0,1,0,0,0,0,0,0,26.2,19.1,33.3,48.05,62.3,64.65,73.85,74.65,69.2,54.0,48.55,45.25
367,30-38 Cummington Street,1917.0,73.23523780871373,0.1425406444466165,16.392842884964526,9.152264567715953,7.8569601755901255,7.847023517742419,9.27207109349198,9.597080678895395,9.85205202250185,10.107551363738883,8.915561942127585,8.29925735173197,8.242210427245489,7.793123974253836,30.72695781515171,15.492577361007848,10.368790519918198,6.91328411609364,5.020626467008152,4.722050256156554,1.9837752651691591,9.220391977206592,7.867255586618616,8.98380538630557,7.73885869564053,13.733626553723449,0,0,0,1,0,0,0,0,0,0,26.2,19.1,33.3,48.05,62.3,64.65,73.85,74.65,69.2,54.0,48.55,45.25
370,582-596 Commonwealth Avenue (590 Comm / 712 Bea),1983.0,17.358761990898667,0.11462673532140973,19.810043579536057,11.060116979721123,9.494797490182647,9.48278946775607,11.204897998693296,11.59765806452141,11.905779935988225,12.214539869818296,10.774072066023022,10.029294550635298,9.960355802909469,9.417654194215123,55.02180720289815,27.742076184744153,18.56707052960688,12.379402740189049,8.990279583398006,8.455628453674139,3.5522846365282685,16.51066899486044,14.087649766922286,16.087020748598718,13.857733449682309,24.59237770889761,0,0,0,1,0,0,0,0,0,0,26.2,19.1,33.3,48.05,62.3,64.65,73.85,74.65,69.2,54.0,48.55,45.25
371,6-8 St. Mary's Street,1997.0,27.213821399783434,0.13265704252828714,18.199804918345308,10.161106945415266,8.723022812480144,8.711990849590139,10.29411959077334,10.654954565673258,10.938031073266828,11.221693778992188,9.898312893181675,9.214073838724028,9.15073870496283,8.652150028595033,38.48753439557905,19.405471496561002,12.987591683388889,8.65934277663376,6.288664663738587,5.914678333754887,2.48480891634667,11.549147022568908,9.854254749537443,11.25280676625021,9.693429203854306,17.202269991786338,0,0,0,1,0,0,0,0,0,0,26.2,19.1,33.3,48.05,62.3,64.65,73.85,74.65,69.2,54.0,48.55,45.25
735,10-18 Buswell Street,1924.0,76.78614421572168,0.05913235700469743,1.6707021682315075,0.9327673280841385,0.8007543592763126,0.7997416492828334,0.9449775971501515,0.9781014563147838,1.0040872587524388,1.0301268728927018,0.9086434105567345,0.8458317663110992,0.8400177399643989,0.7942483931829011,45.28754941396818,22.834049078571415,15.28225201657705,10.189283882376632,7.39975205425606,6.959689455670091,2.923827372954414,13.58966155373809,11.595314065085185,13.240963612647775,11.406073705536716,20.241583788618396,0,0,1,0,0,0,0,0,0,0,26.2,19.1,33.3,48.05,62.3,64.65,73.85,74.65,69.2,54.0,48.55,45.25
739,22-24 Buswell Street,1914.0,38.19785363625985,0.0677037652525812,1.4046916671598417,0.784251387274898,0.6732576262279023,0.6724061607087096,0.7945175277857249,0.8223673802833651,0.8442157030082194,0.8661092694944613,0.7639684986940649,0.7111577733893581,0.7062694608479895,0.6677875451254678,16.26522547037512,8.200950624853705,5.488689009700614,3.6595267766331863,2.657653972114104,2.4996035260267675,1.0501056487479106,4.8807875916876755,4.164508791245213,4.755551170060052,4.096542271617163,7.269855146938497,0,0,1,0,0,0,0,0,0,0,26.2,19.1,33.3,48.05,62.3,64.65,73.85,74.65,69.2,54.0,48.55,45.25
741,580 Commonwealth Avenue,2004.0,51.63971408895539,0.14690579665789313,6.811402112541425,3.8028641309224245,3.264651257485912,3.260522469530679,3.852645027896406,3.987689997957304,4.093633327047064,4.199796044817701,3.704511650191002,3.4484304799847063,3.424726870751825,3.2381266308735612,12.26630607531359,6.184689579385817,4.139256444235744,2.759806534176077,2.004251162924254,1.8850585239671005,0.7919298335223475,3.6808118397914202,3.1406351900739984,3.5863656679717058,3.08937871446289,5.482510434175055,0,0,1,0,0,0,0,0,0,0,26.2,19.1,33.3,48.05,62.3,64.65,73.85,74.65,69.2,54.0,48.55,45.25
1012,560 Harrison Ave,1902.0,23.00408163265306,0.1892147587511826,1.2668406570884454,0.7072879878234533,0.607186725414887,0.6064188194302211,0.7165466489905651,0.7416634246237989,0.7613676374159185,0.7811126539215829,0.6889955835199897,0.6413674986452474,0.6369589061998446,0.6022534569260474,1.5872541496733141,0.800295878730588,0.5356178076216173,0.3571176478697574,0.25934914356502864,0.24392567299176413,0.10247534235577173,0.47629529468807386,0.4063966941186529,0.46407400514734565,0.399764130646664,0.7094342325914222,0,0,0,0,1,0,0,0,0,0,26.2,19.1,33.3,48.05,62.3,64.65,73.85,74.65,69.2,54.0,48.55,45.25
1013,580 Harrison Ave,1887.0,18.898701298701297,0.12164463547157572,2.479003788671132,1.3840490449096075,1.1881669445261855,1.1866642757930042,1.4021667584380344,1.4513162561318411,1.489874237272666,1.5285120647303136,1.3482537463308497,1.2550532303930406,1.246426322728127,1.1785133300751998,6.17232132438399,3.1120934975171495,2.082845533201565,1.3887157729050703,1.0085254775466312,0.94854855681534,0.3984936759977991,1.852159343676644,1.5803461479587224,1.8046346759608698,1.5545542399886512,2.7587617540475646,0,0,0,0,1,0,0,0,0,0,26.2,19.1,33.3,48.05,62.3,64.65,73.85,74.65,69.2,54.0,48.55,45.25
1099,100 Bay State Road,2012.0,41.59996118954058,0.1422324619146135,11.359038949513751,6.341848722059847,5.444297690497859,5.4374123147084275,6.4248658657149,6.650073693635268,6.826750151975022,7.00379247398425,6.177831146683917,5.750777224664763,5.7112478860540525,5.400063880507953,21.29153027767395,10.735220907500567,7.1848120671690685,4.790399328220752,3.478926260070028,3.2720348238340207,1.3746108995411879,6.3890560248665755,5.451431655954281,6.225118853026647,5.3624620186649326,9.516396883478,0,0,0,0,0,0,0,1,0,0,26.2,19.1,33.3,48.05,62.3,64.65,73.85,74.65,69.2,54.0,48.55,45.25
1105,577-599 Commonwealth Avenue (595 Comm Ave),1996.0,15.187882703285148,0.21667236857110272,8.639049029909833,4.823255056493255,4.140627995966969,4.135391364655233,4.886393247809147,5.057673712289537,5.192043934348974,5.326692411830626,4.69851247204246,4.3737191697977575,4.343655368106819,4.106986236749401,8.778701758741907,4.426234349157066,2.962366795984839,1.9751275018416292,1.4343946010228548,1.3490912812770608,0.5667652331237858,2.6342689619171997,2.247677458673269,2.566676096585982,2.210994425506526,3.9237015361678855,1,0,0,0,0,0,0,0,0,0,26.2,19.1,33.3,48.05,62.3,64.65,73.85,74.65,69.2,54.0,48.55,45.25
1107,983-985 Commonwealth Avenue,1981.0,5.6177946561779475,0.14303877940241574,10.921618745467686,6.097633276161456,5.234645640069153,5.228025410168923,6.177453549370134,6.393988948709216,6.563861851501658,6.734086529081435,5.939931781010882,5.52932308948513,5.4913159686815565,5.192115210292794,20.47162416062416,10.32182303636821,6.908135318861214,4.605927960446969,3.3449578282947154,3.1460334828184076,1.3216766167348952,6.1430226938356505,5.241504886806897,5.985398505996892,5.155961341907053,9.149934167304949,0,0,0,0,1,0,0,0,0,0,26.2,19.1,33.3,48.05,62.3,64.65,73.85,74.65,69.2,54.0,48.55,45.25
1218,100 Ashford Street,2002.0,3.7053960869023386,0.12302155631449452,5.70468849443413,3.184976440258205,2.734212157674391,2.730754213369384,3.2266689589963358,3.339771881743935,3.428501585340146,3.517415031440899,3.1026042273191776,2.8881310129677176,2.8682787557329843,2.7119972407227064,13.630563781064023,6.8725503228359015,4.59962425712528,3.066752024327141,2.2271638374075353,2.09471460146286,0.8800082143456386,4.090191475765039,3.489936416759709,3.9852410073060134,3.432979199507823,6.092274862093037,0,1,0,0,0,0,0,0,0,0,26.2,19.1,33.3,48.05,62.3,64.65,73.85,74.65,69.2,54.0,48.55,45.25
1299,10 Buick Street,2000.0,44.84675469061306,0.1455320365389363,10.695531516987526,5.971406840335004,5.126283816385267,5.119800631136103,6.049574762846698,6.261627686698826,6.42798406921334,6.5946849444640065,5.816969906491386,5.414861180329783,5.377640840753907,5.084633804358173,19.261036282672436,9.711442846298855,6.499623282363931,4.333556774268159,3.1471540112931318,2.9599930412761237,1.2435193743862878,5.77975553199298,4.9315489092837295,5.631452438053387,4.851063975155569,8.60885353295542,0,0,1,0,0,0,0,0,0,0,26.2,19.1,33.3,48.05,62.3,64.65,73.85,74.65,69.2,54.0,48.55,45.25
1301,140 Bay State Road,1958.0,37.545291612032244,0.09020778897598607,3.616817057529058,2.019299936919117,1.7335118614151448,1.7313194977201705,2.0457333194062675,2.1174414557311567,2.173696780765886,2.2300685999834737,1.9670753106113066,1.8310976177353013,1.8185111316077776,1.7194274305753474,16.09178379176843,8.11350107519109,5.430161236020105,3.620503987296424,2.629314496161634,2.472949396196541,1.0389080120004255,4.8287420793542095,4.120101205464034,4.70484109664991,4.0528594361491495,7.192334187748043,0,0,1,0,0,0,0,0,0,0,26.2,19.1,33.3,48.05,62.3,64.65,73.85,74.65,69.2,54.0,48.55,45.25
1306,40-48 Buswell Street,1896.0,44.39127302665432,0.0662133142448103,2.20445896483534,1.2307683186149154,1.0565797779541994,1.0552435268459206,1.246879530785135,1.2905858176828837,1.3248735777824387,1.3592323413753054,1.198937279383951,1.1160585384052948,1.108387043901077,1.0479952824335423,27.970911978475183,14.102974993208852,9.438764771332696,6.293199042245994,4.570302788525324,4.298507286906269,1.805841100864246,8.393371512825471,7.161604310107325,8.178005489635344,7.044723942143042,12.501792783730268,0,0,1,0,0,0,0,0,0,0,26.2,19.1,33.3,48.05,62.3,64.65,73.85,74.65,69.2,54.0,48.55,45.25
1307,512 Beacon Street,1926.0,41.94409902780918,0.06730868799834318,1.6698342710012577,0.9322827736279911,0.8003383829857795,0.7993261990754138,0.9444866996970867,0.9775933516621529,1.0035656549816583,1.0295917420496408,0.908171388005796,0.845392373185743,0.8395813671124694,0.7938357966150139,19.33536843064673,9.748921224725688,6.524706613941291,4.350280826841057,3.1592995009870473,2.971416239774792,1.2483183615637812,5.802060751564465,4.950580731761377,5.6531853266577325,4.869785190356145,8.642076801179899,0,0,1,0,0,0,0,0,0,0,26.2,19.1,33.3,48.05,62.3,64.65,73.85,74.65,69.2,54.0,48.55,45.25
1308,514-522 Park Drive,1915.0,35.50367885739018,0.06963605308106688,1.7922077804665266,1.0006049519448033,0.8589910399509536,0.857904678321585,1.0137032405792537,1.0492361076831318,1.077111786661707,1.1050451909212622,0.9747265676881335,0.9073468038609975,0.9011099392345371,0.8520119126871122,19.048551455634808,9.604307683725175,6.427920425430668,4.285749634085026,3.112435086208504,2.9273388475880116,1.2298010575051697,5.71599414675328,4.87714481068601,5.5693271100227815,4.797547774127657,8.513881968232916,0,0,1,0,0,0,0,0,0,0,26.2,19.1,33.3,48.05,62.3,64.65,73.85,74.65,69.2,54.0,48.55,45.25
1312,722-728 Commonwealth Avenue,1974.0,68.45853959688576,0.06799055829228243,1.6848778229922599,0.9406817175345495,0.807548638688354,0.8065273360040212,0.9529955888835467,0.9864004989744245,1.01260678700852,1.0388673433293674,0.9163531122220644,0.8530085206919208,0.8471451632125817,0.8009874704583924,19.509560939030933,9.83674934386736,6.583487754607429,4.3894725460017865,3.1877616586535975,2.998185755448439,1.2595644729292208,5.854331569146127,4.995180558173642,5.704114924195189,4.913657129008003,8.719933348938277,0,0,1,0,0,0,0,0,0,0,26.2,19.1,33.3,48.05,62.3,64.65,73.85,74.65,69.2,54.0,48.55,45.25
1379,213-217 Bay State Road,2003.0,5.186476605941445,0.1332001332001332,1.7770195789371492,0.9921252489622202,0.8517114548666235,0.8506342996917411,1.0051125351506158,1.0403442762620885,1.0679837206730485,1.0956804011676922,0.9664661730467086,0.8996574241672602,0.8934734143257698,0.8447914727490857,3.7579030364782113,1.8947402426899689,1.2681017630776703,0.8454937689631675,0.6140219789701838,0.5775061463215609,0.24261546286217484,1.1276527672250758,0.9621643585921752,1.0987182572197094,0.9464614351402809,1.6796207824598246,0,0,0,0,0,0,0,0,1,0,26.2,19.1,33.3,48.05,62.3,64.65,73.85,74.65,69.2,54.0,48.55,45.25
25,10 Buick Street,2000.0,49.1,0.11010184420589045,1.3133581640140772,1.5479463622173923,1.4313664108727029,1.2137473815332849,1.6469121742318455,1.759245419972584,1.8048745145428136,1.8412539690069871,1.6725771543290489,1.4868174490690875,1.4862751155324652,1.4796258846777082,3.5949021499056757,4.812170584234026,3.8784632288473144,2.0783422121078403,1.8532678296493132,1.8270946594392943,1.3223637516306872,1.3471988006621025,1.9537685308688846,2.4712961975361933,3.5821893986545996,3.975942656464074,0,0,1,0,0,0,0,0,0,0,32.6,34.05,42.55,47.1,58.6,68.4,76.05,76.4,67.5,55.3,46.2,35.35
34,100 Ashford Street,2002.0,3.6,0.1157776398140846,2.6783818306266536,3.156786568163633,2.9190405883902057,2.475241729745384,3.358611355959967,3.587696865618464,3.680750033591567,3.754940054649606,3.4109509372404068,3.03212402386424,3.0310180222186647,3.0174579899312097,6.5524477300036255,8.77116953569426,7.069296053142899,3.7882056707034577,3.377961367819987,3.330255387913375,2.410279612990001,2.4555465921356494,3.561144543358501,4.504445040357357,6.529276129052151,7.246972336828743,0,1,0,0,0,0,0,0,0,0,32.6,34.05,42.55,47.1,58.6,68.4,76.05,76.4,67.5,55.3,46.2,35.35
35,100 Bay State Road,2012.0,44.0,0.1419284940411701,5.988980709376975,7.058714946527609,6.527104378417593,5.534750423176829,7.51000413426211,8.02224950661872,8.230320522321117,8.396212703885427,7.627037762194123,6.779963961715173,6.777490892922611,6.747170058581715,10.148009555503375,13.584223168021547,10.948470991913847,5.866929264995371,5.231569277812386,5.157685324838574,3.7328860224336307,3.8029926079185263,5.515271596758052,6.9761947283417625,10.112122870471893,11.223644590991038,0,0,0,0,0,0,0,1,0,0,32.6,34.05,42.55,47.1,58.6,68.4,76.05,76.4,67.5,55.3,46.2,35.35
52,10-18 Buswell Street,1924.0,73.5,0.058453758901440465,0.797476363238049,0.9399192613656776,0.8691314456942205,0.7369922951988396,1.0000117007418268,1.0682208996782792,1.0959270695508576,1.118016820722772,1.0155955799541354,0.9028015392682939,0.9024722321620542,0.8984347924249948,23.699395446766307,31.724238623866572,25.568772098179736,13.701472781322614,12.217669725664669,12.045123079042025,8.717684144806949,8.881409226434215,12.880220682981387,16.292022260755243,23.615586623451453,26.211405306728857,0,0,1,0,0,0,0,0,0,0,32.6,34.05,42.55,47.1,58.6,68.4,76.05,76.4,67.5,55.3,46.2,35.35
64,110-112 Cummington Street,1923.0,3.9,0.04615384615384615,0.0,0.0,0.0,0.0,0.0,0.0,0.0,0.0,0.0,0.0,0.0,0.0,0.7146485602467165,0.9566354343677146,0.771019083937595,0.4131640327461529,0.3684203716769286,0.3632172763970827,0.26287929735448107,0.26781638083933285,0.38839940822239805,0.49128131889730725,0.7121213289064714,0.7903975064078196,1,0,0,0,0,0,0,0,0,0,32.6,34.05,42.55,47.1,58.6,68.4,76.05,76.4,67.5,55.3,46.2,35.35
65,111 Cummington Street (664-666 Comm. Ave),1911.0,10.3,0.09480122324159022,6.895762999881234,8.127464040544114,7.515363139938565,6.372758409784589,8.647082225013063,9.236885875578597,9.476460601404947,9.667470261163853,8.781835733230556,7.806507800988948,7.803660288682019,7.7687486237895085,25.166623913918986,33.688284757964595,27.15173358666392,14.549730322399137,12.974065088745991,12.790836087275725,9.257395563760108,9.431256857557429,13.677634544939524,17.300660599322097,25.077626490260197,27.83415218719229,1,0,0,0,0,0,0,0,0,0,32.6,34.05,42.55,47.1,58.6,68.4,76.05,76.4,67.5,55.3,46.2,35.35
75,120 Ashford Street,1958.0,5.6,0.09038516609392899,3.0546613345855143,3.6002760177969932,3.32912966981825,2.822982563257891,3.8304546908273975,4.091723879807783,4.1978498664082915,4.282462667371422,3.890147335609247,3.4580999286419547,3.456838547451232,3.441373498424026,12.285798264032167,16.445887688920905,13.254885617772707,7.102861796182477,6.333656309641031,6.244207897494708,4.5192591082429425,4.604134409309293,6.677123611139022,8.44580610751703,12.242351658049959,13.588027531697751,0,0,0,0,0,0,1,0,0,0,32.6,34.05,42.55,47.1,58.6,68.4,76.05,76.4,67.5,55.3,46.2,35.35
92,140 Bay State Road,1958.0,50.0,0.08058608058608058,1.6237729388099544,1.9138065171923448,1.7696726659794177,1.500618952762732,2.0361630927400793,2.1750465211607097,2.231460141615232,2.276437951405556,2.0678940411582656,1.8382296656762969,1.837559150545919,1.8293383609534932,9.00457185910863,12.053606473033204,9.714840457613697,5.205866812601527,4.642096683129301,4.5765376826032425,3.3122791466664614,3.374486398575594,4.893832543602215,6.190144618106071,8.972728744221541,9.959008580738528,0,0,1,0,0,0,0,0,0,0,32.6,34.05,42.55,47.1,58.6,68.4,76.05,76.4,67.5,55.3,46.2,35.35
142,2 Cummington Street (23-25 Blandford Street),1905.0,30.2,0.14996767937944408,5.437179082984847,6.408352125750124,5.925722108809867,5.024799826675208,6.818061265084204,7.283110320856315,7.472010474196459,7.6226179887973915,6.924311865090556,6.155284183552448,6.153038973797698,6.125511784404877,8.504317866935926,11.383961668975802,9.175127098857379,4.916651989679219,4.38420242295545,4.322285589125284,3.128263638518324,3.1870149319880605,4.621952957846537,5.846247694877956,8.474243813987009,9.405730326253053,0,0,0,1,0,0,0,0,0,0,32.6,34.05,42.55,47.1,58.6,68.4,76.05,76.4,67.5,55.3,46.2,35.35
155,20-28 Cummington Street (24 Cummington St),1983.0,47.4,0.15410815488986293,13.10300409778656,15.443424408538487,14.280339103978067,12.109215406482123,16.430778411351273,17.55149553147022,18.006724142761357,18.369671702673276,16.686830681476472,14.833558477506065,14.828147768723465,14.761810267252635,19.690766753443953,26.358249710474745,21.243948128892857,11.383940376103423,10.151114840843004,10.007753556359312,7.243133501492428,7.3791653425262025,10.701598771629289,13.53631197044819,19.62113375392377,21.77788329386284,0,0,0,1,0,0,0,0,0,0,32.6,34.05,42.55,47.1,58.6,68.4,76.05,76.4,67.5,55.3,46.2,35.35
159,213-217 Bay State Road,2003.0,4.5,0.12190874259839778,0.8768373869573752,1.0334555192838661,0.9556232396288854,0.8103342344918751,1.0995280700796426,1.174525121426783,1.2049884764722252,1.229276493759,1.1166627822254633,0.9926440194652001,0.9922819412947961,0.9878427149148861,1.8939286305861445,2.535231075756654,2.0433191907552324,1.0949482504746506,0.9763706650010419,0.9625816620332532,0.6966705809581984,0.7097546117443612,1.029318185544466,1.301971076819233,1.8872310787296733,2.0946749915970924,0,0,0,0,0,0,0,0,1,0,32.6,34.05,42.55,47.1,58.6,68.4,76.05,76.4,67.5,55.3,46.2,35.35
163,22-24 Buswell Street,1914.0,38.7,0.07065889418830597,0.7022290761346944,0.8276591821104554,0.7653259711313584,0.6489689756753112,0.8805744284187613,0.9406370020084625,0.9650340612439899,0.9844855036598051,0.894297033384029,0.7949746476236451,0.7946846715997284,0.7911294470097573,6.224039230087172,8.33155875993174,6.714983129493422,3.5983409067322634,3.2086580370201423,3.1633430795136688,2.289476465113411,2.332474664509943,3.382660076841531,4.278682378888702,6.2020289891377445,6.883754282730256,0,0,1,0,0,0,0,0,0,0,32.6,34.05,42.55,47.1,58.6,68.4,76.05,76.4,67.5,55.3,46.2,35.35
172,25 Buick Street,1928.0,22.6,0.10812109562710236,5.26608543220288,6.206698226925615,5.739255300628313,4.8666826608299925,6.603514902844838,7.05393009434094,7.236886059274751,7.382754353571369,6.70642207737717,5.961593663801102,5.959419104861388,5.93275812334164,14.643039053522877,19.60131287551226,15.798062411560714,8.465667467271327,7.548876735603086,7.44226611379524,5.386356359824493,5.487516440877801,7.958244120721824,10.066278642464457,14.591256472166075,16.195123306679854,0,0,0,0,1,0,0,0,0,0,32.6,34.05,42.55,47.1,58.6,68.4,76.05,76.4,67.5,55.3,46.2,35.35
204,"285 Babcock, Case Center",1972.0,124.3,0.13531003647487938,9.160469343715828,10.796685615042078,9.983558549138777,8.465699596802326,11.486956793060678,12.270463746520406,12.588719598918349,12.842460647241094,11.665966045699692,10.370320933835657,10.366538241594938,10.320160888430188,16.819748622102033,22.515077233914113,18.146467922914027,9.724101547318766,8.671028507673832,8.548570058119772,6.187046256597419,6.303243934394281,9.14124896441214,11.562645958084287,16.760268482887668,18.602552511581706,0,1,0,0,0,0,0,0,0,0,32.6,34.05,42.55,47.1,58.6,68.4,76.05,76.4,67.5,55.3,46.2,35.35
214,300 Babcock Street,1986.0,3.9,0.1141604639481255,1.9683502092015732,2.3199311729186163,2.1452109953573877,1.8190619876736804,2.468252767225441,2.6366083413654624,2.7049933716670878,2.759515823171358,2.5067172701521105,2.2283163246003315,2.227503520934494,2.217538215732455,4.815411944874721,6.44595673145187,5.19524520589212,2.7839628163409236,2.4824731444163257,2.447413887944527,1.771321148543317,1.8045879766155537,2.617094966357629,3.3103291084714246,4.798383071299328,5.325819997792259,1,0,0,0,0,0,0,0,0,0,32.6,34.05,42.55,47.1,58.6,68.4,76.05,76.4,67.5,55.3,46.2,35.35
216,30-38 Cummington Street,1917.0,78.2,0.13887748168833206,8.348653167511664,9.839865205212883,9.098798825355386,7.715455082280385,10.468963392279067,11.183034643798107,11.473086128116861,11.704340218635776,10.632108544343119,9.45128567803931,9.447838214337153,9.405570900090277,14.725168664985077,19.711252363123446,15.886670297053236,8.513149549188462,7.591216738317343,7.484008160790413,5.416567257535847,5.51829472341426,8.002880175789846,10.122738203266964,14.673095646426559,16.28595822010857,0,0,0,1,0,0,0,0,0,0,32.6,34.05,42.55,47.1,58.6,68.4,76.05,76.4,67.5,55.3,46.2,35.35
227,33 Harry Agganis Way,2008.0,29.8,0.16185876517425923,3.036314809172986,3.578652489615729,3.309134666968872,2.8060275179474545,3.807448692247087,4.067148678854409,4.172637264808223,4.2567418749334625,3.866782818520835,3.437330320731067,3.436076515490518,3.4207043507093564,4.211478938500074,5.637526202070047,4.54367477080455,2.434807426821752,2.1711295903207306,2.1404673495985005,1.5491679207943687,1.578262533546253,2.2888675895321473,2.895158603132516,4.196585769809598,4.657873305069466,0,0,1,0,0,0,0,0,0,0,32.6,34.05,42.55,47.1,58.6,68.4,76.05,76.4,67.5,55.3,46.2,35.35
253,40-48 Buswell Street,1896.0,46.8,0.06529573881704473,1.0245234018681855,1.2075207787046938,1.116579182106061,0.9468191011479141,1.2847219513717165,1.3723507812085427,1.4079450893524679,1.436323945529696,1.3047426688260486,1.1598353842957587,1.159412321177782,1.1542253944111325,12.965374071860623,17.3555743996635,13.98806545743706,7.4957490094753965,6.683995743077201,6.589599587557842,4.769237098542643,4.858807186227435,7.046461571480967,8.912976850917685,12.919524263276251,14.339634760483404,0,0,1,0,0,0,0,0,0,0,32.6,34.05,42.55,47.1,58.6,68.4,76.05,76.4,67.5,55.3,46.2,35.35
285,512 Beacon Street,1926.0,39.4,0.0676132521974307,0.8544138558976189,1.0070267626178768,0.9311849028129794,0.7896114013346757,1.071409627370375,1.1444887647059925,1.1741730745165866,1.1978399696681616,1.088106150228516,0.9672589431296705,0.9669061244539241,0.9625804232636238,8.943551866656794,11.971924524406422,9.649007289677487,5.170588960574739,4.610639251393809,4.545524515157029,3.289833298969271,3.351618999903928,4.8606692095155335,6.1481967516463785,8.91192453844568,9.891520793652937,0,0,1,0,0,0,0,0,0,0,32.6,34.05,42.55,47.1,58.6,68.4,76.05,76.4,67.5,55.3,46.2,35.35
286,514-522 Park Drive,1915.0,30.1,0.06930540582165409,0.8915989591283751,1.0508537603492512,0.9717111729559712,0.8239762249715364,1.1180386436500072,1.1942982716191533,1.2252744777596367,1.2499713842263236,1.135461818963266,1.0093551982440758,1.0089870244815775,1.0044730636508272,8.566547264643564,11.4672625391069,9.242265068320254,4.952629042376808,4.416283335319934,4.353913431962322,3.151154358872576,3.2103355583811473,4.655773583239441,5.889026960492706,8.536253148165635,9.474555709118718,0,0,1,0,0,0,0,0,0,0,32.6,34.05,42.55,47.1,58.6,68.4,76.05,76.4,67.5,55.3,46.2,35.35
300,565-575 Commonwealth Avenue,1992.0,49.7,0.1151801069754966,2.8483507901955916,3.3571148867164937,3.1042816492706486,2.632319505839769,3.571747388784448,3.8153705664048965,3.9143288484151872,3.9932269363162134,3.6274084173928176,3.22454131094672,3.2233651229121723,3.208944576805043,6.968263246134869,9.32778418381406,7.517910541673975,4.028603574064373,3.5923253440787786,3.541591963195493,2.5632349210814853,2.611374523264012,3.7871332451888255,4.790295186214221,6.943621185348193,7.706862085941724,0,0,1,0,0,0,0,0,0,0,32.6,34.05,42.55,47.1,58.6,68.4,76.05,76.4,67.5,55.3,46.2,35.35
305,577-599 Commonwealth Avenue (595 Comm Ave),1996.0,16.9,0.15772323904603439,4.393606223695991,5.178379331194386,4.788381831791235,4.060376061622589,5.509451859247875,5.885242760113809,6.037886783182619,6.159587779855103,5.595309486950487,4.97388342092776,4.972069140507451,4.949825320910699,6.343440512614547,8.491390464812255,6.843802625671304,3.667371082049544,3.2702125791187804,3.224028304462474,2.3333975292560214,2.3772206013701767,3.447552654892227,4.360764150015236,6.321008029628889,7.015811466108548,1,0,0,0,0,0,0,0,0,0,32.6,34.05,42.55,47.1,58.6,68.4,76.05,76.4,67.5,55.3,46.2,35.35
306,580 Commonwealth Avenue,2004.0,52.5,0.10532544378698225,3.19834063704991,3.769618897500073,3.4857188875352167,2.955764603926593,4.0106242735789435,4.2841825416801855,4.395300278939094,4.483892934586701,4.073124626523857,3.6207554020896753,3.6194346904692343,3.6032422261205164,9.290431283207315,12.43626064678029,10.023248091188734,5.3711324256999875,4.789464831800072,4.721824593162075,3.4174308656082535,3.481612950911327,5.049192306891174,6.386657145664994,9.25757727578413,10.275167583301656,0,0,1,0,0,0,0,0,0,0,32.6,34.05,42.55,47.1,58.6,68.4,76.05,76.4,67.5,55.3,46.2,35.35
307,580 Harrison Ave,1887.0,16.6,0.29961649089165865,3.0164218333425437,3.555206288560948,3.287454261580466,2.7876433117296253,3.7825034907213104,4.040502005023739,4.145299463073283,4.228853046351308,3.841448878536082,3.414810017900487,3.413564427195951,3.398292975984255,1.8347777189841858,2.4560510967274496,1.9795025342693209,1.0607509813027385,0.9458767942376285,0.9325184474637718,0.6749122637310123,0.6875876559148903,0.9971706652946738,1.26130809996281,1.8282893441217225,2.0292543979897992,0,0,0,0,1,0,0,0,0,0,32.6,34.05,42.55,47.1,58.6,68.4,76.05,76.4,67.5,55.3,46.2,35.35
308,582-596 Commonwealth Avenue (590 Comm / 712 Bea),1983.0,17.2,0.11506622130914614,9.647109172953114,11.370247628830933,10.513924084488364,8.915430549615154,12.097188701763686,12.922318597862203,13.257481441360003,13.524702202980514,12.285707623489243,10.921232794245913,10.917249150652486,10.868408051758369,23.600883891384605,31.592370108606037,25.46249008291695,13.64451970850099,12.166884394430433,11.99505497448021,8.681447244740854,8.844491768398516,12.826681318401805,16.22430102048878,23.517423437189883,26.102452050460947,0,0,0,1,0,0,0,0,0,0,32.6,34.05,42.55,47.1,58.6,68.4,76.05,76.4,67.5,55.3,46.2,35.35
313,605-615 Commonwealth Avenue (2 Silber Way),1981.0,5.5,0.09671459091171547,2.1878055821437674,2.578585023424006,2.384384937486727,2.021872912804644,2.7434432943048583,2.9305691742253646,3.0065785908066016,3.0671798614522308,2.78619628298744,2.4767558491129464,2.4758524243113067,2.464776066940109,7.616614409177159,10.19567328480889,8.217402778286282,4.4034386973111515,3.9265676412755237,3.8711138522591226,2.801727108235235,2.8543457844654805,4.139501139079207,5.236000715066131,7.589679566357648,8.42393502367817,1,0,0,0,0,0,0,0,0,0,32.6,34.05,42.55,47.1,58.6,68.4,76.05,76.4,67.5,55.3,46.2,35.35
317,610 Beacon Street (30 Bay State Road),1926.0,32.7,0.0714555357816966,0.931033444785188,1.0973319186239223,1.0146889377011854,0.8604198281100599,1.167488318759409,1.2471208299901988,1.2794670811988635,1.3052563059033153,1.1856821028199664,1.0539979186962143,1.0536134609948353,1.0488998524168405,8.154909693941455,10.916240528911096,8.798158075972198,4.714646559515023,4.2040732012340225,4.144700280757602,2.999735883596395,3.0560733230176917,4.4320555241033395,5.606048920807857,8.126071262715508,9.019286745427815,0,0,1,0,0,0,0,0,0,0,32.6,34.05,42.55,47.1,58.6,68.4,76.05,76.4,67.5,55.3,46.2,35.35
319,622-640 Commonwealth Avenue,1902.0,29.3,0.10379484063694588,2.8607926867397198,3.3717791184716037,3.117841478789192,2.6438177549583406,3.587349157936612,3.8320365072813227,3.931427049500291,4.010669772567243,3.643253319786108,3.2386264473460575,3.2374451215981734,3.222961585025336,8.68594854717094,11.627094243987415,9.371084564498137,5.021659217694088,4.477837877418572,4.414598656911128,3.195075423015187,3.255081495241381,4.720666161290137,5.971108731619242,8.655232188656779,9.606612892497012,1,0,0,0,0,0,0,0,0,0,32.6,34.05,42.55,47.1,58.6,68.4,76.05,76.4,67.5,55.3,46.2,35.35
320,631-639 Commonwealth Avenue,1957.0,18.1,0.14554275318374774,3.341035834702906,3.937801894465461,3.641235576363711,3.0876371785633183,4.189559818092466,4.475322993539763,4.591398291384069,4.6839435424374924,4.254848648322613,3.782296796952138,3.7809171612747847,3.7640022639012782,5.439025273139241,7.28073152894936,5.868048320368127,3.1444961076849514,2.803962428747332,2.76436287128672,2.0007136677117194,2.038288670787969,2.9560182653480047,3.739028745515352,5.4197910986158675,6.01553302184536,1,0,0,0,0,0,0,0,0,0,32.6,34.05,42.55,47.1,58.6,68.4,76.05,76.4,67.5,55.3,46.2,35.35
333,6-8 St. Mary's Street,1997.0,28.7,0.13600052815739092,9.06993170106703,10.689976403174382,9.88488589139932,8.382028721860403,11.373425275162441,12.149188425340535,12.464298791022227,12.715531985708177,11.55066528704117,10.267825703991885,10.264080398049348,10.218161416183083,16.65351037239541,22.29254911441196,17.967117022158078,9.627993236932273,8.585328261216057,8.46408013167171,6.125896487735884,6.240945723959038,9.050901286684097,11.448366365134635,16.594618106071266,18.418693891629605,0,0,0,1,0,0,0,0,0,0,32.6,34.05,42.55,47.1,58.6,68.4,76.05,76.4,67.5,55.3,46.2,35.35
341,700 Commonwealth Avenue,1966.0,66.2,0.08263045477931431,1.346747434400862,1.5872995265319538,1.4677557838744442,1.24460426476109,1.6887813287362412,1.803970402550564,1.8507595174548153,1.888063840302123,1.7150987850455068,1.524616543926068,1.5240604227406607,1.5172421496756698,7.052042046582254,9.439931291658398,7.608297701975582,4.0770391114416915,3.635515547650751,3.584172203905428,2.5940524633251956,2.6427708436024075,3.832665606583513,4.847888473137259,7.027103716521537,7.799520993615994,0,0,1,0,0,0,0,0,0,0,32.6,34.05,42.55,47.1,58.6,68.4,76.05,76.4,67.5,55.3,46.2,35.35
350,722-728 Commonwealth Avenue,1974.0,66.1,0.06561141638645122,0.7415229753898792,0.8739716428511709,0.8081505174639342,0.685282655094981,0.9298478123513029,0.9932712446633908,1.0190334646709562,1.0395733311418707,0.944338278795608,0.8394582139921756,0.8391520120826365,0.8353978515020952,9.383995271633463,12.561506301341357,10.124192282024257,5.425225132141062,4.83769956046116,4.769378116579602,3.4518478320772794,3.516676295541216,5.1000427524907535,6.450977207569858,9.350810391307116,10.378648856832896,0,0,1,0,0,0,0,0,0,0,32.6,34.05,42.55,47.1,58.6,68.4,76.05,76.4,67.5,55.3,46.2,35.35
369,785 Commonwealth Avenue (1 University Road),1931.0,12.4,0.09221420875355511,2.957867597064245,3.4861932656682537,3.2236387927163594,2.7335300828269693,3.709078215558865,3.96206850926067,4.064831657966551,4.146763314164258,3.7668793661427986,3.348522342077614,3.3473009305550523,3.3323259259983558,11.326739896181074,15.162082935999432,12.220178007128455,6.54839566423714,5.839236170850594,5.756770312569823,4.166475091193229,4.2447248262229085,6.155891605304563,7.786506577556843,11.286684834657475,12.527314078098458,1,0,0,0,0,0,0,0,0,0,32.6,34.05,42.55,47.1,58.6,68.4,76.05,76.4,67.5,55.3,46.2,35.35
386,855 Commonwealth Avenue,1919.0,0.8,0.1002695772240121,2.106265469199198,2.4824804537294987,2.295518258156159,1.9465171558693724,2.641194411725703,2.8213460588770345,2.894522583695187,2.9528652283946357,2.682353984816722,2.384446480620111,2.383576726708135,2.3729131882082455,6.688670740179885,8.953518966952966,7.216264152373466,3.8669610917146087,3.448187958667327,3.399490188752757,2.4603884513626473,2.506596514575639,3.635179445941201,4.59809081791332,6.665017410054476,7.39763426151171,1,0,0,0,0,0,0,0,0,0,32.6,34.05,42.55,47.1,58.6,68.4,76.05,76.4,67.5,55.3,46.2,35.35
389,871 Commonwealth Avenue,1926.0,7.9,0.07027088291964186,1.6416977050175965,1.9349329527717405,1.7892080135908786,1.517184226916606,2.058640217789807,2.19905677496573,2.256093143178517,2.301567461258734,2.090721442911311,1.8585218113363595,1.8578438944155815,1.8495323558471353,14.550794416284877,19.477833317137723,15.698541640572461,8.412337525198401,7.501322167628172,7.395383145349524,5.352424708981353,5.452947526489463,7.90811072018358,10.00286556145602,14.499338042173378,16.09310122854506,1,0,0,0,0,0,0,0,0,0,32.6,34.05,42.55,47.1,58.6,68.4,76.05,76.4,67.5,55.3,46.2,35.35
391,881 Commonwealth Avenue,1915.0,13.9,0.10790283725910065,4.727077168358953,5.57141388173813,5.1518159065707305,4.368555122744078,5.9276145307612484,6.331927638745255,6.49615721226585,6.627095210221681,6.0199886787797,5.351396907246737,5.3494449244983535,5.325512818069286,13.144256103786994,17.595027607619848,14.18105746506267,7.599167145056627,6.776214196110796,6.680515665819081,4.83503780881891,4.925843686477527,7.14368093104679,9.035948344124751,13.09777370975792,14.537477336318101,0,0,0,0,0,0,0,0,0,1,32.6,34.05,42.55,47.1,58.6,68.4,76.05,76.4,67.5,55.3,46.2,35.35
396,91 Bay State Road,1923.0,44.9,0.08985136452241715,1.79500717599355,2.1156261135508108,1.956292692573611,1.658866042326802,2.250885746156306,2.404415063392203,2.466777756549203,2.5164986808265057,2.285962867316774,2.032079339511252,2.03133811551258,2.022250406290407,7.219489701544677,9.664078332664863,7.78895340425819,4.173846622498982,3.7218392747375137,3.6692768057443135,2.6556471048437915,2.7055222817590696,3.923670575617776,4.962999465241967,7.193959221740698,7.984717209348164,0,0,1,0,0,0,0,0,0,0,32.6,34.05,42.55,47.1,58.6,68.4,76.05,76.4,67.5,55.3,46.2,35.35
398,915 Commonwealth Avenue,2004.0,2.7,0.13616557734204793,4.177665510794511,4.923867919037897,4.553038349977868,3.860813229462973,5.238668611589973,5.595989820156851,5.74113156434963,5.856851096447402,5.320306435243205,4.729422748505353,4.727697637889396,4.706547076544934,7.670707807891219,10.268083228456417,8.275762992024326,4.434712036405169,3.9544542294086087,3.898606606103333,2.821625048896528,2.8746174243690117,4.168899986593887,5.273186931819589,7.643581673099492,8.483762034932425,0,1,0,0,0,0,0,0,0,0,32.6,34.05,42.55,47.1,58.6,68.4,76.05,76.4,67.5,55.3,46.2,35.35
400,925 Commonwealth Avenue,2004.0,2.5,0.18669382213170402,4.003619545578344,4.718734372000311,4.363353955130896,3.6999676655218248,5.0204201346365345,5.362854963603002,5.50194994917044,5.612848483127915,5.098656840182258,4.532389992998231,4.53073675231573,4.510467345734508,4.534610033663935,6.070072593086465,4.892294015064949,2.6216211333203585,2.3377122783758835,2.3046974381109657,1.668029806167418,1.6993567402057606,2.4644838758037824,3.1172933410154675,4.518574167602847,5.015254577582171,0,1,0,0,0,0,0,0,0,0,32.6,34.05,42.55,47.1,58.6,68.4,76.05,76.4,67.5,55.3,46.2,35.35
404,983-985 Commonwealth Avenue,1981.0,5.0,0.07555602231090573,5.6521356910749265,6.66170365516892,6.159993061734762,5.223453192802846,7.087610474504081,7.571045050800447,7.767413292943619,7.923975012840604,7.198061647681984,6.398630777389596,6.396296804203301,6.367681338854912,37.688586040629616,50.450303664273484,40.661411357097855,21.789126940479886,19.429470161211956,19.155073324724427,13.863526169036504,14.123894280104091,20.483109222057273,25.90881628729935,37.55530685823187,41.683375694853744,0,0,0,0,1,0,0,0,0,0,32.6,34.05,42.55,47.1,58.6,68.4,76.05,76.4,67.5,55.3,46.2,35.35
909,Hotel Commonwealth,2003.0,40.1,0.15899122807017546,2.7779872961804934,3.274183270971492,3.027595833744874,2.567292684553384,3.4835136547657113,3.7211185504879327,3.8176322422785276,3.894581291755306,3.537799675609293,3.1448846921007467,3.1437375597218495,3.1296732478303917,4.0108276119692645,5.368932407036034,4.327196335698994,2.318803679166101,2.0676884859652853,2.038487114302396,1.4753595026909951,1.5030679343105942,2.1798169864543198,2.7572219251344254,3.9966440120781654,4.435954005193424,0,0,0,0,0,1,0,0,0,0,32.6,34.05,42.55,47.1,58.6,68.4,76.05,76.4,67.5,55.3,46.2,35.35
565,560 Harrison Ave,1902.0,21.1,0.05329678696512868,0.06274655522701941,0.0570039391336009,0.055474776589830195,0.05905027175338836,0.05781307305780464,0.06651836077720145,0.07547944637037643,0.07273440861639763,0.09190455777204092,0.06804777517316164,0.05632049624209185,0.06890633928708657,23.039976784777814,20.629511054879874,16.1577162585091,15.224075732723067,10.581070347717823,7.57244901638716,6.308377335038822,6.02045869734651,9.475905983165648,7.9271973321711044,11.681610543659575,22.9896509136235,0,0,0,0,1,0,0,0,0,0,35.15,28.6,34.05,51.65,56.35,69.5,72.5,72.0,67.1,61.35,43.75,30.75
610,580 Harrison Ave,1887.0,16.5,0.28644905026226003,3.3821660874539763,3.0726274787740855,2.990202528447584,3.182928940985922,3.1162414319026555,3.5854740264179807,4.06849464309333,3.920531562623057,4.9538413296862815,3.667912552086287,3.0357885262290374,3.7141908922997984,2.2965129898110854,2.0562494725378206,1.6105226849821996,1.5174619316962734,1.0546697041679858,0.7547849415501479,0.6287884154517909,0.6000900839540805,0.9445122876576001,0.790144530794599,1.1643662060090505,2.2914967513873643,0,0,0,0,1,0,0,0,0,0,35.15,28.6,34.05,51.65,56.35,69.5,72.5,72.0,67.1,61.35,43.75,30.75
649,801 Massachusetts Avenue (EPL),2007.0,17.0,0.22377924563244642,6.1417469102665265,5.579649205922553,5.429971995842742,5.779947963352113,5.6588487055762045,6.510938095346618,7.38806544608948,7.119376159752302,8.995785213923313,6.660639957176648,5.512752573078208,6.744677773673282,5.683334611491028,5.088738382488184,3.985668428073533,3.7553647448512404,2.6100618023858844,1.86791688162716,1.5561048340230526,1.4850831496621915,2.3374478608390485,1.955423626980961,2.8815350875093872,5.670920590068327,0,0,0,0,1,0,0,0,0,0,35.15,28.6,34.05,51.65,56.35,69.5,72.5,72.0,67.1,61.35,43.75,30.75
1636,10 Buick Street,2000.0,39.2,0.092162500921625,1.3241741465459627,1.2029846447967238,1.1707139089929568,1.2461694975835012,1.2200602311719024,1.40377257832089,1.5928831649425144,1.5349531636546336,1.9395110840932974,1.4360486290962418,1.1885615835736403,1.4541673672277333,5.551592396131136,4.970779171263769,3.893278867314127,3.6683137255480953,2.5495594129299977,1.824617740380725,1.5200336342467913,1.4506582640088699,2.283264783380868,1.910096040590977,2.814739826977269,5.539466137227371,0,0,1,0,0,0,0,0,0,0,35.15,28.6,34.05,51.65,56.35,69.5,72.5,72.0,67.1,61.35,43.75,30.75
1637,100 Ashford Street,2002.0,3.7,0.12392251198221346,3.6148195395747655,3.2839882965262723,3.1958934740709366,3.401877208701831,3.3306023793036013,3.832112685835064,4.348359469117632,4.190218260025725,5.2946076483142805,3.920222017456876,3.2446152550983896,3.9696837659746196,8.021627367336132,7.182396579579866,5.625490865014275,5.30043340237623,3.6839187934008435,2.6364333972654475,2.1963326068828057,2.0960904909617217,3.299143374792197,2.7599430181730944,4.067084255635703,8.004105848581686,0,1,0,0,0,0,0,0,0,0,35.15,28.6,34.05,51.65,56.35,69.5,72.5,72.0,67.1,61.35,43.75,30.75
1638,100 Bay State Road,2012.0,33.0,0.1352265043948614,5.978883155746092,5.431690875522372,5.2859827303936076,5.626678211277061,5.508790202691193,6.338284314728319,7.192152443685966,6.930588124660472,8.757239507595049,6.484016457904592,5.366568173930647,6.565825801864615,11.459029111646482,10.260173868451275,8.036107966319937,7.571757933994232,5.26253972733971,3.766189286378485,3.137497932602965,2.9943003902650935,4.712881594223679,3.942624849480333,5.809898010797949,11.433999328499857,0,0,0,0,0,0,0,1,0,0,35.15,28.6,34.05,51.65,56.35,69.5,72.5,72.0,67.1,61.35,43.75,30.75
1640,10-18 Buswell Street,1924.0,65.5,0.06097499858003429,0.8698003542000009,0.7901955138383554,0.7689980773035703,0.8185620246541667,0.801411826372507,0.9220855799251759,1.0463052346099604,1.0082531885324575,1.2739921197824275,0.9432865076655391,0.7807215456346944,0.955188027481144,17.501482593813392,15.670459741278894,12.273623037715213,11.564416879933027,8.037526263344468,5.752136206161428,4.791930007383189,4.573223058453637,7.198028243437966,6.021607895819521,8.87351170130689,17.463254371352352,0,0,1,0,0,0,0,0,0,0,35.15,28.6,34.05,51.65,56.35,69.5,72.5,72.0,67.1,61.35,43.75,30.75
1652,110-112 Cummington Street,1923.0,4.0,0.04651162790697675,0.0,0.0,0.0,0.0,0.0,0.0,0.0,0.0,0.0,0.0,0.0,0.0,0.6285968997420474,0.5628324547991438,0.44082901827057713,0.4153566167371528,0.2886820624282183,0.20659821056332664,0.1721106957810957,0.16425544641509307,0.2585299967489739,0.21627676595309722,0.3187079674745963,0.6272238650866774,1,0,0,0,0,0,0,0,0,0,35.15,28.6,34.05,51.65,56.35,69.5,72.5,72.0,67.1,61.35,43.75,30.75
1654,111 Cummington Street (664-666 Comm. Ave),1911.0,11.6,0.0881803032059583,7.26450619904273,6.5996526455938325,6.422613272860542,6.836567579775718,6.6933304321586435,7.70118841532928,8.738661494229715,8.420853708475793,10.640284988390528,7.878256946345204,6.520526785949489,7.977657531848543,32.658664214902764,29.241881654328385,22.903210133222036,21.57979506584156,14.998436272240074,10.73378120216035,8.941987183860906,8.533868799131547,13.431889907139908,11.236629196939779,16.55842797926347,32.58732839096925,1,0,0,0,0,0,0,0,0,0,35.15,28.6,34.05,51.65,56.35,69.5,72.5,72.0,67.1,61.35,43.75,30.75
1662,120 Ashford Street,1958.0,5.6,0.09459701670882043,3.078637549088122,2.7968781206823534,2.7218503010852646,2.897280707221299,2.8365779906159623,3.2636998549411955,3.703372351509762,3.5686880445786855,4.509264635574864,3.338740031576923,2.7633452368316864,3.380865176293882,11.744646000650205,10.51590922895978,8.236408370016926,7.760484389292151,5.393708800263489,3.860061747727003,3.21570022967671,3.0689334812431883,4.8303504099558054,4.040894976298743,5.954710017042569,11.718992348873426,0,0,0,0,0,0,1,0,0,0,35.15,28.6,34.05,51.65,56.35,69.5,72.5,72.0,67.1,61.35,43.75,30.75
1675,140 Bay State Road,1958.0,42.7,0.08164363035606226,1.6584580040268793,1.5066745700243953,1.466257182153474,1.5607613115181564,1.5280608378134442,1.7581508251180165,1.9950018215273206,1.9224475622859827,2.4291349364460117,1.7985748697094217,1.4886104495381385,1.8212676298387602,9.131700255215485,8.176332516501443,6.403974407604847,6.033933868621636,4.193717888576407,3.0012762279011866,2.5002720904835805,2.386157969542571,3.755695324399874,3.1418777274618015,4.629907702569446,9.111754021121733,0,0,1,0,0,0,0,0,0,0,35.15,28.6,34.05,51.65,56.35,69.5,72.5,72.0,67.1,61.35,43.75,30.75
1687,2 Cummington Street (23-25 Blandford Street),1905.0,11.6,0.15943956991176017,5.901432357273952,5.361328437521098,5.217507804138282,5.55378989604207,5.437429015543073,6.256177812839691,7.098984884630814,6.840808884933969,8.643797720122892,6.400022133397921,5.297049339175256,6.480771714380958,8.801950016436846,7.881081082015294,6.172723706090208,5.816045515046287,4.0422806494556305,2.892898650327303,2.409986021536273,2.2999926182684947,3.6200752979657658,3.028422959796591,4.46271943228283,8.78272405077847,0,0,0,1,0,0,0,0,0,0,35.15,28.6,34.05,51.65,56.35,69.5,72.5,72.0,67.1,61.35,43.75,30.75
1689,20-28 Cummington Street (24 Cummington St),1983.0,67.1,0.14664914813620297,15.988107483459215,14.524862800055754,14.135225233164142,15.046277653089506,14.73103380182434,16.949180682216284,19.232506023564508,18.533057926406375,23.417699068305897,17.338882422190554,14.35071844474065,17.557648460982783,27.01428799266319,24.18802579491089,18.94486285244364,17.850172771771817,12.406266044188401,8.878668604978566,7.396549210401959,7.058965667252987,11.110464893773788,9.294609699755677,13.696645373924309,26.955281093934776,0,0,0,1,0,0,0,0,0,0,35.15,28.6,34.05,51.65,56.35,69.5,72.5,72.0,67.1,61.35,43.75,30.75
1692,213-217 Bay State Road,2003.0,3.5,0.14416437774102006,1.126633413208778,1.0235230010647536,0.9960664242087616,1.0602655233538314,1.0380512458659301,1.1943573248336754,1.3552563321396147,1.3059683474373032,1.650174184662986,1.2218184237720484,1.0112515768438022,1.2372342026085141,1.9266348791768233,1.7250683848325201,1.351130689161685,1.2730583708431704,0.8848038078061538,0.6332187107670483,0.5275152799947379,0.5034391233681577,0.7923884277100993,0.6628832579540116,0.9768325084964407,1.9224265598891528,0,0,0,0,0,0,0,0,1,0,35.15,28.6,34.05,51.65,56.35,69.5,72.5,72.0,67.1,61.35,43.75,30.75
1694,22-24 Buswell Street,1914.0,42.3,0.06806690003889537,0.6797543482927104,0.6175426739473432,0.6009767463898272,0.639711277328374,0.6263082914595504,0.7206155750863492,0.8176940023457447,0.7879560933443078,0.9956327091971101,0.7371842310425846,0.6101387092893285,0.7464853422767713,7.516849438310715,6.730429029249296,5.271494911505367,4.966892379680093,3.4521003837346482,2.470530229573548,2.0581237155962655,1.9641895475962992,3.0915377750772652,2.5862677454205256,3.811154345940405,7.50043049831557,0,0,1,0,0,0,0,0,0,0,35.15,28.6,34.05,51.65,56.35,69.5,72.5,72.0,67.1,61.35,43.75,30.75
1696,233 Bay State Road,1968.0,5.4,0.18892240012414896,3.6885942772356253,3.351011109810628,3.261118362909889,3.4713060130664215,3.3985765379291415,3.910322152445834,4.437105000001591,4.275736291974702,5.4026651283614076,4.000229704630169,3.3108345052254555,4.050700916409133,4.333196182040424,3.879852804340759,3.0388292078541386,2.8632366888370555,1.9900130135080845,1.4241727529944224,1.186435074931182,1.1322853701271876,1.7821615017752874,1.4908913118670972,2.196994844253137,4.323731247471227,1,0,0,0,0,0,0,0,0,0,35.15,28.6,34.05,51.65,56.35,69.5,72.5,72.0,67.1,61.35,43.75,30.75
1698,25 Buick Street,1928.0,10.7,0.09012539184952979,5.298597996948305,4.8136659712818535,4.684536689807882,4.98646739250835,4.881992835992391,5.6171060211859,6.373819915720675,6.142016727606911,7.760829322972343,5.746256570178094,4.755953015998867,5.818757539798421,22.383897043837738,20.042071041591836,15.697613785486224,14.790559338323915,10.279766836978787,7.356818139873621,6.128741799535202,5.849021850018383,9.206072814465786,7.7014647448228475,11.348968367374459,22.33500423769117,0,0,0,0,1,0,0,0,0,0,35.15,28.6,34.05,51.65,56.35,69.5,72.5,72.0,67.1,61.35,43.75,30.75
1707,"285 Babcock, Case Center",1972.0,126.5,0.10899427499143215,9.206710146940276,8.364104498455337,8.139732718090375,8.664359886602913,8.482827534058611,9.760141650956824,11.074988615221052,10.672213246089587,13.485021154205937,9.984550385224672,8.263823923986429,10.110526240167983,26.019672274880637,23.297467781896373,18.247348323487977,17.1929626906192,11.949490458990931,8.551772580552807,7.124222058784419,6.799067712295077,10.701398291010841,8.952399499711099,13.19236042762113,25.962837900149484,0,1,0,0,0,0,0,0,0,0,35.15,28.6,34.05,51.65,56.35,69.5,72.5,72.0,67.1,61.35,43.75,30.75
1709,300 Babcock Street,1986.0,3.4,0.10598477955165854,1.9105375361245183,1.7356835770133994,1.6891228944685264,1.797991304781958,1.760320479044912,2.025383300270667,2.298234779180431,2.2146525387198888,2.798354534828688,2.0719516513331153,1.7148737764864814,2.0980936277474114,5.6551500807305,5.063502545910213,3.965902885114796,3.7367413132914904,2.5971181043309626,1.858653594418646,1.5483878707331467,1.4777183938322307,2.325856097263885,1.9457263803586917,2.8672451116654094,5.642797622350022,1,0,0,0,0,0,0,0,0,0,35.15,28.6,34.05,51.65,56.35,69.5,72.5,72.0,67.1,61.35,43.75,30.75
1710,30-38 Cummington Street,1917.0,37.0,0.1371405541411316,8.390822710457432,7.622887747976092,7.4183995214299605,7.896534869433824,7.7310896928071084,8.895209788845897,10.093536617044226,9.726454710415032,12.28999500862032,9.099731694485063,7.531493915842573,9.214543722642475,15.669502712911685,14.030143452837644,10.988872997234973,10.35390348800551,7.196192603310936,5.150027342217578,4.290331396113628,4.094517749400311,6.444569623377858,5.391291895064262,7.9446706832615686,15.635276056264043,0,0,0,1,0,0,0,0,0,0,35.15,28.6,34.05,51.65,56.35,69.5,72.5,72.0,67.1,61.35,43.75,30.75
1712,33 Harry Agganis Way,2008.0,30.7,0.13455487124043067,3.2116491546066106,2.9177163951917002,2.8394470213083274,3.022456845159132,2.9591314860158966,3.4047070214927655,3.863375435488581,3.722872133753016,4.704086052296429,3.482989286296899,2.8827347332216458,3.526934435168995,6.192688141205265,5.544802829524617,4.342873206761945,4.091929177338976,2.8439815489251035,2.0353238921075785,1.6955665310719068,1.6181797198817518,2.546935318437293,2.130673193401979,3.1397848947353726,6.179161546608214,0,0,1,0,0,0,0,0,0,0,35.15,28.6,34.05,51.65,56.35,69.5,72.5,72.0,67.1,61.35,43.75,30.75
1725,40-48 Buswell Street,1896.0,44.1,0.0622506148523844,0.8721929627452735,0.792369148891177,0.7711134033806066,0.8208136890568842,0.8036163147643576,0.9246220123689529,1.0491833650144873,1.01102664704283,1.277496561253028,0.945881258688556,0.7828691201126124,0.9578155166812322,14.324846233168131,12.826166297261139,10.045878216128402,9.465397728067522,6.578661390558964,4.7080849421653355,3.9221626023919414,3.7431524301538106,5.891537886378768,4.928645714537198,7.262909869954225,14.293556689234558,0,0,1,0,0,0,0,0,0,0,35.15,28.6,34.05,51.65,56.35,69.5,72.5,72.0,67.1,61.35,43.75,30.75
1735,Hotel Commonwealth,2003.0,65.3,0.15246068586585831,6.1828807631375735,5.617018454910136,5.466338793829409,5.818658697057113,5.696748386802988,6.554544576300562,7.437546416487839,7.167057605400831,9.056033757351651,6.705249054234611,5.549673787281358,6.789849707205929,9.876046695705378,8.84280467774476,6.9259774762630135,6.525774059575642,4.535557731709429,3.2459173368654524,2.7040751697343195,2.5806593374626563,4.061830914503693,3.397979596503656,5.00730240693855,9.854474596993438,0,0,0,0,0,1,0,0,0,0,35.15,28.6,34.05,51.65,56.35,69.5,72.5,72.0,67.1,61.35,43.75,30.75
1737,512 Beacon Street,1926.0,39.2,0.06632064590542099,0.842958772241776,0.765810495431204,0.7452672006512541,0.7933016306263285,0.7766806784533351,0.8936305033704842,1.014016804773744,0.9771390248465541,1.2346773922910548,0.9141771816192422,0.7566288889089107,0.9257114267861125,10.139414178164746,9.078618387178748,7.110674583080752,6.6997988225323075,4.656508802330517,3.3324771824819384,2.7761855486922786,2.6494785496164783,4.170148970816007,3.4885945317457727,5.140833633497209,10.117266809863242,0,0,1,0,0,0,0,0,0,0,35.15,28.6,34.05,51.65,56.35,69.5,72.5,72.0,67.1,61.35,43.75,30.75
1738,514-522 Park Drive,1915.0,31.9,0.06701075231223515,0.9074720549707682,0.8244194697197029,0.8023039564304191,0.8540145552333791,0.8361215690984996,0.962021792740276,1.091621493131569,1.0519213846146507,1.3291696667781416,0.9841409484418502,0.8145351769012533,0.9965579319394895,10.034994000144804,8.98512275404781,7.037445706859664,6.630801326872923,4.6085540122857545,3.298157856480686,2.747595160321014,2.622193046041059,4.127202929728148,3.452667440136401,5.087891051830439,10.013074715251285,0,0,1,0,0,0,0,0,0,0,35.15,28.6,34.05,51.65,56.35,69.5,72.5,72.0,67.1,61.35,43.75,30.75
1742,565-575 Commonwealth Avenue,1992.0,50.0,0.10902528044656755,3.1358066327394063,2.8488150430040786,2.772393986422665,2.9510820659299415,2.889252123846406,3.324305472538201,3.7721425137583267,3.6349571724291807,4.592999899322723,3.4007391156235807,2.8146594667411473,3.4436465076443383,8.71545215932583,7.8036327184095615,6.112063582808649,5.758890512692014,4.002556654958241,2.8644697756318798,2.38630278928193,2.2773903048629576,3.584500367948006,2.9986622708629986,4.418863733595686,8.69641512962224,0,0,1,0,0,0,0,0,0,0,35.15,28.6,34.05,51.65,56.35,69.5,72.5,72.0,67.1,61.35,43.75,30.75
1744,577-599 Commonwealth Avenue (595 Comm Ave),1996.0,17.0,0.18488275352047573,4.4050696209168745,4.001914043591839,3.8945604615085365,4.145575119886835,4.058718616462293,4.669866086396113,5.298971632893634,5.106258544907015,6.452082891254655,4.777237349552501,3.9539335049291893,4.837512127700506,5.218567606060821,4.672595772361925,3.6597317541694294,3.448261653783234,2.396618341670062,1.7151639302680939,1.4288509886516951,1.3636372564557948,2.1462979960334643,1.795514621865919,2.645891310534507,5.207168768145055,1,0,0,0,0,0,0,0,0,0,35.15,28.6,34.05,51.65,56.35,69.5,72.5,72.0,67.1,61.35,43.75,30.75
1745,580 Commonwealth Avenue,2004.0,51.9,0.1295672454003628,3.381025240995303,3.0715910435171105,2.9891938961459505,3.1818552996813145,3.115190285119786,3.5842646016765767,4.06712228952296,3.9192091188300315,4.952170337726789,3.666675319810411,3.0347645172064537,3.7129380497673057,6.995201722720129,6.263356626527141,4.905668337366593,4.622204344525475,3.2125345531372402,2.2990825424632746,1.9152958535438787,1.8278804464363878,2.876993951728651,2.4067882078328435,3.5466712038156722,6.97992220990271,0,0,1,0,0,0,0,0,0,0,35.15,28.6,34.05,51.65,56.35,69.5,72.5,72.0,67.1,61.35,43.75,30.75
1746,582-596 Commonwealth Avenue (590 Comm / 712 Bea),1983.0,15.5,0.11320235714814697,10.49404445992492,9.533620921412258,9.277876209009756,9.875859717058479,9.668944483700363,11.124859888669887,12.623556196120354,12.16446249559444,15.37057312294065,11.380646722079096,9.419318549539144,11.524237233950647,27.635166307217702,24.74394719073017,19.38027890044336,18.260429195633684,12.691403359431455,9.082729981700558,7.566546546941836,7.221204209581867,11.365820382655704,9.50823078821056,14.011439904030844,27.574803233422248,0,0,0,1,0,0,0,0,0,0,35.15,28.6,34.05,51.65,56.35,69.5,72.5,72.0,67.1,61.35,43.75,30.75
1748,605-615 Commonwealth Avenue (2 Silber Way),1981.0,5.1,0.0944480055987539,2.441268815753057,2.2178418955184402,2.1583470464575067,2.2974581866960344,2.249322721992176,2.5880177685111625,2.9366650963965313,2.829864411600252,3.5757139193172,2.6475224163394406,2.1912513072008415,2.680926414217352,9.441496197060449,8.45371729282943,6.621231350748801,6.238637064479629,4.335991150599169,3.1030955134420704,2.5850946454834167,2.467109165366493,3.883108526518577,3.248466965231058,4.786978847842042,9.420873280398867,1,0,0,0,0,0,0,0,0,0,35.15,28.6,34.05,51.65,56.35,69.5,72.5,72.0,67.1,61.35,43.75,30.75
1749,610 Beacon Street (30 Bay State Road),1926.0,40.5,0.07266432633710435,1.0989678865859558,0.9983894460831205,0.9716070908941546,1.0342297217171101,1.0125609363813526,1.1650287748546366,1.3219767580581305,1.273899085456437,1.6096526296453133,1.1918155410820634,0.9864193580461526,1.2068527711955714,9.053052550084967,8.10591301401727,6.348819521132853,5.981965994248475,4.157599063091201,2.97542742853303,2.4787382406393403,2.3656069392701706,3.723349013178723,3.1148179832565064,4.590032147569136,9.033278104978328,0,0,1,0,0,0,0,0,0,0,35.15,28.6,34.05,51.65,56.35,69.5,72.5,72.0,67.1,61.35,43.75,30.75
1751,622-640 Commonwealth Avenue,1902.0,18.5,0.10664781539567862,3.2691113724174157,2.969919623794732,2.8902498691121203,3.07653407003632,3.0120757055724954,3.4656233940580488,3.932498216362867,3.7894810561892203,4.7882506681449915,3.545306270303331,2.9343120765605213,3.5900376774479397,9.595107737118342,8.591257837830112,6.728957660608969,6.340138630262746,4.406536990413023,3.1535823505722895,2.627153696443132,2.5072486125974183,3.9462860429334192,3.3013189711993167,4.864862180916997,9.574149289104234,1,0,0,0,0,0,0,0,0,0,35.15,28.6,34.05,51.65,56.35,69.5,72.5,72.0,67.1,61.35,43.75,30.75
1753,631-639 Commonwealth Avenue,1957.0,15.5,0.16719866241070072,4.123732130681183,3.7463247907416757,3.645827533291181,3.880810700665298,3.799501440028493,4.371616905896214,4.960543524300398,4.780138395364478,6.040009311577516,4.47213071518708,3.701408613255841,4.528555939010642,5.770519539631994,5.16680193505614,4.046810387723898,3.812973741647063,2.6501013330910443,1.8965715729713384,1.5799761872704583,1.5078649980905543,2.3733053701555806,1.9854207114494324,2.9257391414167935,5.757915081495698,1,0,0,0,0,0,0,0,0,0,35.15,28.6,34.05,51.65,56.35,69.5,72.5,72.0,67.1,61.35,43.75,30.75
1754,642-648 Beacon Street,1990.0,22.9,0.13942917694956847,2.5836686369210433,2.3472091684966405,2.284243969996094,2.431469497869697,2.380526279459472,2.7389774928305344,3.107961506631525,2.9949311111546884,3.784286207372083,2.8019530616629775,2.3190675445058115,2.837305523099435,4.193823092688314,3.755061068897618,2.9410881878496804,2.7711434333958453,1.9260061580850463,1.3783656055639395,1.1482745313596245,1.095866499752269,1.7248399904030844,1.442938226132287,2.1263306172321412,4.184662588640148,0,0,0,0,1,0,0,0,0,0,35.15,28.6,34.05,51.65,56.35,69.5,72.5,72.0,67.1,61.35,43.75,30.75
1760,6-8 St. Mary's Street,1997.0,26.3,0.1364718854359192,8.59235640639997,7.805976915107473,7.5965772192698715,8.086196588229617,7.916777691853123,9.108858028928024,10.33596668734342,9.96006807990795,12.585180379908852,9.318292212774821,7.712387954151452,9.435861836125417,16.174748434978767,14.482529855227597,11.343197009548174,10.68775361330015,7.428225846139868,5.316084257415014,4.428668369778424,4.226540929377019,6.652367617508975,5.565128117968237,8.200837770979172,16.139418177778595,0,0,0,1,0,0,0,0,0,0,35.15,28.6,34.05,51.65,56.35,69.5,72.5,72.0,67.1,61.35,43.75,30.75
1762,700 Commonwealth Avenue,1966.0,75.0,0.07607945035523252,1.4221284910948098,1.29197412755529,1.2573161991137474,1.3383535329318466,1.3103128618899198,1.5076151304230772,1.7107149673318245,1.6484996571057882,2.082984310392984,1.5422787670054556,1.2764841360404617,1.5617378191147966,9.991708525257916,8.946365849427805,7.0070900156248,6.602199677055279,4.588675231196222,3.2839314076091046,2.7357435377580415,2.610882339603034,4.109400433905504,3.4377745214390263,5.065944672953876,9.969883788169387,0,0,1,0,0,0,0,0,0,0,35.15,28.6,34.05,51.65,56.35,69.5,72.5,72.0,67.1,61.35,43.75,30.75
1765,722-728 Commonwealth Avenue,1974.0,69.7,0.06424670735624799,0.8071488695112043,0.7332779443095024,0.7136073534055429,0.7596012230094957,0.7436863488799416,0.8556680045430914,0.970940151037115,0.9356289835654786,1.1822268113403445,0.8753418351820339,0.7244863834778179,0.8863860917384319,10.921798040355313,9.779148456500845,7.659352933263108,7.216772918527015,5.015817267008616,3.5896198854900607,2.9904033263249357,2.853919281991729,4.4919286318858935,3.757783659973907,5.537513875805125,10.897941722873451,0,0,1,0,0,0,0,0,0,0,35.15,28.6,34.05,51.65,56.35,69.5,72.5,72.0,67.1,61.35,43.75,30.75
1770,785 Commonwealth Avenue (1 University Road),1931.0,13.2,0.08897941680960549,3.1072220909137647,2.8228465818432165,2.7471221437539652,2.9241813865756208,2.862915057231185,3.2940026637396986,3.7377574326340453,3.6018226085039338,4.551132267448795,3.3697395736002522,2.7890023517864173,3.412255841969111,13.636167164636788,12.209537531084685,9.562914145181267,9.010340746335261,6.262386693791677,4.481739786359793,3.73360132615363,3.5631972189767174,5.608297231800998,4.691696913512771,6.913739350239616,13.606381891926809,1,0,0,0,0,0,0,0,0,0,35.15,28.6,34.05,51.65,56.35,69.5,72.5,72.0,67.1,61.35,43.75,30.75
1773,855 Commonwealth Avenue,1919.0,0.5,0.09080835039537105,2.473569031114239,2.2471859687315328,2.1869039484974993,2.3278556561327224,2.27908331528216,2.6222596065021544,2.975519856857646,2.8673061014902843,3.6230238791703084,2.682551555150171,2.220243562652737,2.716397518418546,10.30286399063023,9.22496791455338,7.225300379668735,6.80780120234017,4.731572852098189,3.386197521837951,2.8209383321696837,2.692188785578505,4.237372782296246,3.5448315205858094,5.223705116853801,10.280359601387293,1,0,0,0,0,0,0,0,0,0,35.15,28.6,34.05,51.65,56.35,69.5,72.5,72.0,67.1,61.35,43.75,30.75
1775,871 Commonwealth Avenue,1926.0,7.9,0.06571899870533572,1.8013490229756823,1.6364880859604591,1.5925883779330419,1.6952348849201908,1.6597169723678082,1.9096312739788253,2.166889106216223,2.0880836473624154,2.6384266793723414,1.9535382122628488,1.6168675796167202,1.9781861570334438,22.243997687313758,19.91680809758189,15.59950369932694,14.698118342459393,10.215518294247673,7.310838026499413,6.090437163288109,5.81246546345577,9.148534859375378,7.653330590167706,11.278037315078372,22.195410461205604,1,0,0,0,0,0,0,0,0,0,35.15,28.6,34.05,51.65,56.35,69.5,72.5,72.0,67.1,61.35,43.75,30.75
1776,881 Commonwealth Avenue,1915.0,14.4,0.09030726318012657,4.729046247545474,4.296240064171428,4.180991021999437,4.450466882868061,4.357222403905829,5.013317516605975,5.688691456179468,5.481805031213877,6.926609795417795,5.1285855402287766,4.244730733821596,5.193293306042278,20.07256086201879,17.972549194422246,14.076695737142952,13.263302718037611,9.218289606966568,6.597161324241819,5.495894773722436,5.24505839344419,8.255464028745319,6.906220106105542,10.17708658278357,20.028716672368976,0,0,0,0,0,0,0,0,0,1,35.15,28.6,34.05,51.65,56.35,69.5,72.5,72.0,67.1,61.35,43.75,30.75
1777,91 Bay State Road,1923.0,45.5,0.08950948800572862,1.8903350467521824,1.7173300360044748,1.6712616974604373,1.7789789066795414,1.7417064214316038,2.0039664038083105,2.2739326847051204,2.1912342632183974,2.7687640522126897,2.0500423297811508,1.6967402833782321,2.075907874567857,8.165912283625758,7.311586261646551,5.726676502463823,5.395772235101711,3.750181397032622,2.6838548935040523,2.2358380154260478,2.133792845755139,3.3584850275343445,2.8095860804976764,4.140238851890918,8.148075605521347,0,0,1,0,0,0,0,0,0,0,35.15,28.6,34.05,51.65,56.35,69.5,72.5,72.0,67.1,61.35,43.75,30.75
1778,915 Commonwealth Avenue,2004.0,48.3,0.12068499136478077,4.469226389127532,4.060199131862534,3.9512820196934415,4.205952531586195,4.117831023737811,4.737879430534217,5.376147460760719,5.180627640989791,6.546052980754401,4.846814481288899,4.011519790101975,4.907967119562479,10.538280838849904,9.435755213439089,7.390395972929885,6.963357085036336,4.8396876412457255,3.463570953998692,2.885395789026865,2.753704360208009,4.334195272241491,3.625829684281361,5.343064956579637,10.51526223216301,0,1,0,0,0,0,0,0,0,0,35.15,28.6,34.05,51.65,56.35,69.5,72.5,72.0,67.1,61.35,43.75,30.75
1779,925 Commonwealth Avenue,2004.0,45.7,0.14743014718096947,4.233934729571062,3.846441557578593,3.743258611872562,3.984521468353383,3.9010392994014804,4.488443976402638,5.093109067104935,4.907882792315752,6.201422493220078,4.591643916280347,3.8003250403678988,4.649577047531269,7.0400513805900955,6.303514067720717,4.937120975228316,4.65183955615686,3.2331316826146765,2.3138230845564904,1.9275757515591436,1.8395998815433994,2.895439766380415,2.422219303598985,3.5694106467043247,7.024673903346567,0,1,0,0,0,0,0,0,0,0,35.15,28.6,34.05,51.65,56.35,69.5,72.5,72.0,67.1,61.35,43.75,30.75
1782,983-985 Commonwealth Avenue,1981.0,5.8,0.06936037126715093,5.983105872152153,5.4355271254665904,5.289716070787848,5.630652175272586,5.512680905713896,6.342760866028097,7.197232057942964,6.935483003422157,8.763424498667336,6.4885959357034935,5.3703584295489595,6.570463059293911,57.95955786272719,51.89577015785221,40.64648585207405,38.29781195440613,26.617828863148837,19.049315935848313,15.86940666588112,15.145116138292115,23.83766816535655,19.941723759321857,29.38635696379719,57.832957681294374,0,0,0,0,1,0,0,0,0,0,35.15,28.6,34.05,51.65,56.35,69.5,72.5,72.0,67.1,61.35,43.75,30.75
