,Property Uses,Temperature,WI,GHG/GAS,Age,Y_Electric
0,1,26.2,9.906107789536508,0.37634941071605427,1911.0,14.668765037072637
1,1,19.1,9.906107789536508,0.37634941071605427,1911.0,8.189697140578737
2,1,33.3,9.906107789536508,0.37634941071605427,1911.0,7.030623274446024
3,1,48.05,9.906107789536508,0.37634941071605427,1911.0,7.021731680703277
4,1,62.3,9.906107789536508,0.37634941071605427,1911.0,8.29690330297833
5,1,64.65,9.906107789536508,0.37634941071605427,1911.0,8.587730786443803
6,1,73.85,9.906107789536508,0.37634941071605427,1911.0,8.815886131846412
7,1,74.65,9.906107789536508,0.37634941071605427,1911.0,9.044513943997922
8,1,69.2,9.906107789536508,0.37634941071605427,1911.0,7.977889144688128
9,1,54.0,9.906107789536508,0.37634941071605427,1911.0,7.426402908211452
10,1,48.55,9.906107789536508,0.37634941071605427,1911.0,7.375355756887422
11,1,45.25,9.906107789536508,0.37634941071605427,1911.0,6.973500892145871
0,1,26.2,3.0909090909090913,0.11285620238878963,1986.0,3.7707241663600812
1,1,19.1,3.0909090909090913,0.11285620238878963,1986.0,2.105227593809292
2,1,33.3,3.0909090909090913,0.11285620238878963,1986.0,1.807278323603023
3,1,48.05,3.0909090909090913,0.11285620238878963,1986.0,1.804992667835922
4,1,62.3,3.0909090909090913,0.11285620238878963,1986.0,2.1327858010831298
5,1,64.65,3.0909090909090913,0.11285620238878963,1986.0,2.207545347464397
6,1,73.85,3.0909090909090913,0.11285620238878963,1986.0,2.2661945161176256
7,1,74.65,3.0909090909090913,0.11285620238878963,1986.0,2.324965136152983
8,1,69.2,3.0909090909090913,0.11285620238878963,1986.0,2.050780642977745
9,1,54.0,3.0909090909090913,0.11285620238878963,1986.0,1.9090166652985052
10,1,48.55,3.0909090909090913,0.11285620238878963,1986.0,1.895894584016619
11,1,45.25,3.0909090909090913,0.11285620238878963,1986.0,1.792594555280681
0,1,26.2,5.381176470588236,0.0942084942084942,1981.0,4.0140246899068694
1,1,19.1,5.381176470588236,0.0942084942084942,1981.0,2.241064359682671
2,1,33.3,5.381176470588236,0.0942084942084942,1981.0,1.9238903437158161
3,1,48.05,5.381176470588236,0.0942084942084942,1981.0,1.9214572093158986
4,1,62.3,5.381176470588236,0.0942084942084942,1981.0,2.270400720425689
5,1,64.65,5.381176470588236,0.0942084942084942,1981.0,2.349984018418637
6,1,73.85,5.381176470588236,0.0942084942084942,1981.0,2.4124174398597558
7,1,74.65,5.381176470588236,0.0942084942084942,1981.0,2.4749801491577905
8,1,69.2,5.381176470588236,0.0942084942084942,1981.0,2.1831042980908557
9,1,54.0,5.381176470588236,0.0942084942084942,1981.0,2.0321932047734204
10,1,48.55,5.381176470588236,0.0942084942084942,1981.0,2.018224440174205
11,1,45.25,5.381176470588236,0.0942084942084942,1981.0,1.9082591264783988
0,1,26.2,61.62671681226345,0.12339754575992323,1902.0,6.111732295421442
1,1,19.1,61.62671681226345,0.12339754575992323,1902.0,3.4122324801914306
2,1,33.3,61.62671681226345,0.12339754575992323,1902.0,2.9293050379344376
3,1,48.05,61.62671681226345,0.12339754575992323,1902.0,2.9256003606492014
4,1,62.3,61.62671681226345,0.12339754575992323,1902.0,3.4568998644838267
5,1,64.65,61.62671681226345,0.12339754575992323,1902.0,3.5780729638279003
6,1,73.85,61.62671681226345,0.12339754575992323,1902.0,3.673133753836194
7,1,74.65,61.62671681226345,0.12339754575992323,1902.0,3.7683913968365745
8,1,69.2,61.62671681226345,0.12339754575992323,1902.0,3.323982803709363
9,1,54.0,61.62671681226345,0.12339754575992323,1902.0,3.094206388759876
10,1,48.55,61.62671681226345,0.12339754575992323,1902.0,3.072937623287946
11,1,45.25,61.62671681226345,0.12339754575992323,1902.0,2.9055050310618125
0,1,26.2,12.337721620683988,0.0904301328929779,1931.0,5.722914336269384
1,1,19.1,12.337721620683988,0.0904301328929779,1931.0,3.195152083837305
2,1,33.3,12.337721620683988,0.0904301328929779,1931.0,2.7429476597755875
3,1,48.05,12.337721620683988,0.0904301328929779,1931.0,2.7394786677251974
4,1,62.3,12.337721620683988,0.0904301328929779,1931.0,3.2369778055107017
5,1,64.65,12.337721620683988,0.0904301328929779,1931.0,3.350442079449188
6,1,73.85,12.337721620683988,0.0904301328929779,1931.0,3.4394552645265364
7,1,74.65,12.337721620683988,0.0904301328929779,1931.0,3.528652779145183
8,1,69.2,12.337721620683988,0.0904301328929779,1931.0,3.1125167008888877
9,1,54.0,12.337721620683988,0.0904301328929779,1931.0,2.8973582686002026
10,1,48.55,12.337721620683988,0.0904301328929779,1931.0,2.877442585623505
11,1,45.25,12.337721620683988,0.0904301328929779,1931.0,2.720661768648338
0,1,26.2,7.092989329776592,0.0810122675719466,1926.0,3.1727429747177394
1,1,19.1,7.092989329776592,0.0810122675719466,1926.0,1.771369573523593
2,1,33.3,7.092989329776592,0.0810122675719466,1926.0,1.5206706594256834
3,1,48.05,7.092989329776592,0.0810122675719466,1926.0,1.518747474923781
4,1,62.3,7.092989329776592,0.0810122675719466,1926.0,1.7945574559213355
5,1,64.65,7.092989329776592,0.0810122675719466,1926.0,1.8574612418015992
6,1,73.85,7.092989329776592,0.0810122675719466,1926.0,1.9068095180498696
7,1,74.65,7.092989329776592,0.0810122675719466,1926.0,1.956259985283855
8,1,69.2,7.092989329776592,0.0810122675719466,1926.0,1.725557105381075
9,1,54.0,7.092989329776592,0.0810122675719466,1926.0,1.6062748019279354
10,1,48.55,7.092989329776592,0.0810122675719466,1926.0,1.595233689037154
11,1,45.25,7.092989329776592,0.0810122675719466,1926.0,1.5083155200063856
0,2,26.2,26.34637035074817,0.14624323625032343,2004.0,12.354083123995533
1,2,19.1,26.34637035074817,0.14624323625032343,2004.0,6.897390406033077
2,2,33.3,26.34637035074817,0.14624323625032343,2004.0,5.921214507594116
3,2,48.05,26.34637035074817,0.14624323625032343,2004.0,5.913725977515062
4,2,62.3,26.34637035074817,0.14624323625032343,2004.0,6.98767979565394
5,2,64.65,26.34637035074817,0.14624323625032343,2004.0,7.232615677876776
6,2,73.85,26.34637035074817,0.14624323625032343,2004.0,7.424768875174853
7,2,74.65,26.34637035074817,0.14624323625032343,2004.0,7.617319985553853
8,2,69.2,26.34637035074817,0.14624323625032343,2004.0,6.719005001334982
9,2,54.0,26.34637035074817,0.14624323625032343,2004.0,6.254541442885894
10,2,48.55,26.34637035074817,0.14624323625032343,2004.0,6.211549360791293
11,2,45.25,26.34637035074817,0.14624323625032343,2004.0,5.873105845590653
0,6,26.2,59.339985234083215,0.13478668541959676,2002.0,8.410502759277298
1,6,19.1,59.339985234083215,0.13478668541959676,2002.0,4.695655716374387
2,6,33.3,59.339985234083215,0.13478668541959676,2002.0,4.031087572793241
3,6,48.05,59.339985234083215,0.13478668541959676,2002.0,4.025989476701391
4,6,62.3,59.339985234083215,0.13478668541959676,2002.0,4.757123585168694
5,6,64.65,59.339985234083215,0.13478668541959676,2002.0,4.923872820430026
6,6,73.85,59.339985234083215,0.13478668541959676,2002.0,5.054688274710113
7,6,74.65,59.339985234083215,0.13478668541959676,2002.0,5.185774623157859
8,6,69.2,59.339985234083215,0.13478668541959676,2002.0,4.574213200295306
9,6,54.0,59.339985234083215,0.13478668541959676,2002.0,4.258012313453902
10,6,48.55,59.339985234083215,0.13478668541959676,2002.0,4.228743850432036
11,6,45.25,59.339985234083215,0.13478668541959676,2002.0,3.998335807205767
0,2,26.2,44.15996117005544,0.09864815491413957,1972.0,7.45234421708115
1,2,19.1,44.15996117005544,0.09864815491413957,1972.0,4.1607075967874305
2,2,33.3,44.15996117005544,0.09864815491413957,1972.0,3.571849748044643
3,2,48.05,44.15996117005544,0.09864815491413957,1972.0,3.567332447710094
4,2,62.3,44.15996117005544,0.09864815491413957,1972.0,4.215172796984919
5,2,64.65,44.15996117005544,0.09864815491413957,1972.0,4.36292528392534
6,2,73.85,44.15996117005544,0.09864815491413957,1972.0,4.478837711768454
7,2,74.65,44.15996117005544,0.09864815491413957,1972.0,4.594990172418355
8,2,69.2,44.15996117005544,0.09864815491413957,1972.0,4.053100304059131
9,2,54.0,44.15996117005544,0.09864815491413957,1972.0,3.7729223030604193
10,2,48.55,44.15996117005544,0.09864815491413957,1972.0,3.746988221901804
11,2,45.25,44.15996117005544,0.09864815491413957,1972.0,3.5428291962582743
0,2,26.2,24.93067576701782,0.14906027219701878,2004.0,11.159711885632973
1,2,19.1,24.93067576701782,0.14906027219701878,2004.0,6.230562715297949
2,2,33.3,24.93067576701782,0.14906027219701878,2004.0,5.348761802438746
3,2,48.05,24.93067576701782,0.14906027219701878,2004.0,5.341997250404382
4,2,62.3,24.93067576701782,0.14906027219701878,2004.0,6.312123083994303
5,2,64.65,24.93067576701782,0.14906027219701878,2004.0,6.53337899174767
6,2,73.85,24.93067576701782,0.14906027219701878,2004.0,6.706955152619105
7,2,74.65,24.93067576701782,0.14906027219701878,2004.0,6.880890757027875
8,2,69.2,24.93067576701782,0.14906027219701878,2004.0,6.069423300818362
9,2,54.0,24.93067576701782,0.14906027219701878,2004.0,5.649863270207907
10,2,48.55,24.93067576701782,0.14906027219701878,2004.0,5.611027587727565
11,2,45.25,24.93067576701782,0.14906027219701878,2004.0,5.305304202083189
0,4,26.2,22.910256825468803,0.14185621947007448,1905.0,10.824414255679669
1,4,19.1,22.910256825468803,0.14185621947007448,1905.0,6.043363177072923
2,4,33.3,22.910256825468803,0.14185621947007448,1905.0,5.188056295529439
3,4,48.05,22.910256825468803,0.14185621947007448,1905.0,5.181494986937921
4,4,62.3,22.910256825468803,0.14185621947007448,1905.0,6.122473034626852
5,4,64.65,22.910256825468803,0.14185621947007448,1905.0,6.337081227614537
6,4,73.85,22.910256825468803,0.14185621947007448,1905.0,6.505442229174242
7,4,74.65,22.910256825468803,0.14185621947007448,1905.0,6.674151874658586
8,4,69.2,22.910256825468803,0.14185621947007448,1905.0,5.887065255305762
9,4,54.0,22.910256825468803,0.14185621947007448,1905.0,5.4801110594452105
10,4,48.55,22.910256825468803,0.14185621947007448,1905.0,5.442442209265446
11,4,45.25,22.910256825468803,0.14185621947007448,1905.0,5.145904394689425
0,4,26.2,46.47752883468116,0.16265302225119685,1983.0,24.770220899953948
1,4,19.1,46.47752883468116,0.16265302225119685,1983.0,13.829426455680709
2,4,33.3,46.47752883468116,0.16265302225119685,1983.0,11.872171319961353
3,4,48.05,46.47752883468116,0.16265302225119685,1983.0,11.857156644860629
4,4,62.3,46.47752883468116,0.16265302225119685,1983.0,14.010458759202029
5,4,64.65,46.47752883468116,0.16265302225119685,1983.0,14.501560838416673
6,4,73.85,46.47752883468116,0.16265302225119685,1983.0,14.88683241996051
7,4,74.65,46.47752883468116,0.16265302225119685,1983.0,15.272901826386578
8,4,69.2,46.47752883468116,0.16265302225119685,1983.0,13.471759615062071
9,4,54.0,46.47752883468116,0.16265302225119685,1983.0,12.540499494234771
10,4,48.55,46.47752883468116,0.16265302225119685,1983.0,12.454299380495549
11,4,45.25,46.47752883468116,0.16265302225119685,1983.0,11.775712345785243
0,4,26.2,73.23523780871373,0.1425406444466165,1917.0,16.392842884964526
1,4,19.1,73.23523780871373,0.1425406444466165,1917.0,9.152264567715953
2,4,33.3,73.23523780871373,0.1425406444466165,1917.0,7.8569601755901255
3,4,48.05,73.23523780871373,0.1425406444466165,1917.0,7.847023517742419
4,4,62.3,73.23523780871373,0.1425406444466165,1917.0,9.27207109349198
5,4,64.65,73.23523780871373,0.1425406444466165,1917.0,9.597080678895395
6,4,73.85,73.23523780871373,0.1425406444466165,1917.0,9.85205202250185
7,4,74.65,73.23523780871373,0.1425406444466165,1917.0,10.107551363738883
8,4,69.2,73.23523780871373,0.1425406444466165,1917.0,8.915561942127585
9,4,54.0,73.23523780871373,0.1425406444466165,1917.0,8.29925735173197
10,4,48.55,73.23523780871373,0.1425406444466165,1917.0,8.242210427245489
11,4,45.25,73.23523780871373,0.1425406444466165,1917.0,7.793123974253836
0,4,26.2,17.358761990898667,0.11462673532140973,1983.0,19.810043579536057
1,4,19.1,17.358761990898667,0.11462673532140973,1983.0,11.060116979721123
2,4,33.3,17.358761990898667,0.11462673532140973,1983.0,9.494797490182647
3,4,48.05,17.358761990898667,0.11462673532140973,1983.0,9.48278946775607
4,4,62.3,17.358761990898667,0.11462673532140973,1983.0,11.204897998693296
5,4,64.65,17.358761990898667,0.11462673532140973,1983.0,11.59765806452141
6,4,73.85,17.358761990898667,0.11462673532140973,1983.0,11.905779935988225
7,4,74.65,17.358761990898667,0.11462673532140973,1983.0,12.214539869818296
8,4,69.2,17.358761990898667,0.11462673532140973,1983.0,10.774072066023022
9,4,54.0,17.358761990898667,0.11462673532140973,1983.0,10.029294550635298
10,4,48.55,17.358761990898667,0.11462673532140973,1983.0,9.960355802909469
11,4,45.25,17.358761990898667,0.11462673532140973,1983.0,9.417654194215123
0,4,26.2,27.213821399783434,0.13265704252828714,1997.0,18.199804918345308
1,4,19.1,27.213821399783434,0.13265704252828714,1997.0,10.161106945415266
2,4,33.3,27.213821399783434,0.13265704252828714,1997.0,8.723022812480144
3,4,48.05,27.213821399783434,0.13265704252828714,1997.0,8.711990849590139
4,4,62.3,27.213821399783434,0.13265704252828714,1997.0,10.29411959077334
5,4,64.65,27.213821399783434,0.13265704252828714,1997.0,10.654954565673258
6,4,73.85,27.213821399783434,0.13265704252828714,1997.0,10.938031073266828
7,4,74.65,27.213821399783434,0.13265704252828714,1997.0,11.221693778992188
8,4,69.2,27.213821399783434,0.13265704252828714,1997.0,9.898312893181675
9,4,54.0,27.213821399783434,0.13265704252828714,1997.0,9.214073838724028
10,4,48.55,27.213821399783434,0.13265704252828714,1997.0,9.15073870496283
11,4,45.25,27.213821399783434,0.13265704252828714,1997.0,8.652150028595033
0,3,26.2,76.78614421572168,0.05913235700469743,1924.0,1.6707021682315075
1,3,19.1,76.78614421572168,0.05913235700469743,1924.0,0.9327673280841385
2,3,33.3,76.78614421572168,0.05913235700469743,1924.0,0.8007543592763126
3,3,48.05,76.78614421572168,0.05913235700469743,1924.0,0.7997416492828334
4,3,62.3,76.78614421572168,0.05913235700469743,1924.0,0.9449775971501515
5,3,64.65,76.78614421572168,0.05913235700469743,1924.0,0.9781014563147838
6,3,73.85,76.78614421572168,0.05913235700469743,1924.0,1.0040872587524388
7,3,74.65,76.78614421572168,0.05913235700469743,1924.0,1.0301268728927018
8,3,69.2,76.78614421572168,0.05913235700469743,1924.0,0.9086434105567345
9,3,54.0,76.78614421572168,0.05913235700469743,1924.0,0.8458317663110992
10,3,48.55,76.78614421572168,0.05913235700469743,1924.0,0.8400177399643989
11,3,45.25,76.78614421572168,0.05913235700469743,1924.0,0.7942483931829011
0,3,26.2,38.19785363625985,0.0677037652525812,1914.0,1.4046916671598417
1,3,19.1,38.19785363625985,0.0677037652525812,1914.0,0.784251387274898
2,3,33.3,38.19785363625985,0.0677037652525812,1914.0,0.6732576262279023
3,3,48.05,38.19785363625985,0.0677037652525812,1914.0,0.6724061607087096
4,3,62.3,38.19785363625985,0.0677037652525812,1914.0,0.7945175277857249
5,3,64.65,38.19785363625985,0.0677037652525812,1914.0,0.8223673802833651
6,3,73.85,38.19785363625985,0.0677037652525812,1914.0,0.8442157030082194
7,3,74.65,38.19785363625985,0.0677037652525812,1914.0,0.8661092694944613
8,3,69.2,38.19785363625985,0.0677037652525812,1914.0,0.7639684986940649
9,3,54.0,38.19785363625985,0.0677037652525812,1914.0,0.7111577733893581
10,3,48.55,38.19785363625985,0.0677037652525812,1914.0,0.7062694608479895
11,3,45.25,38.19785363625985,0.0677037652525812,1914.0,0.6677875451254678
0,3,26.2,51.63971408895539,0.14690579665789313,2004.0,6.811402112541425
1,3,19.1,51.63971408895539,0.14690579665789313,2004.0,3.8028641309224245
2,3,33.3,51.63971408895539,0.14690579665789313,2004.0,3.264651257485912
3,3,48.05,51.63971408895539,0.14690579665789313,2004.0,3.260522469530679
4,3,62.3,51.63971408895539,0.14690579665789313,2004.0,3.852645027896406
5,3,64.65,51.63971408895539,0.14690579665789313,2004.0,3.987689997957304
6,3,73.85,51.63971408895539,0.14690579665789313,2004.0,4.093633327047064
7,3,74.65,51.63971408895539,0.14690579665789313,2004.0,4.199796044817701
8,3,69.2,51.63971408895539,0.14690579665789313,2004.0,3.704511650191002
9,3,54.0,51.63971408895539,0.14690579665789313,2004.0,3.4484304799847063
10,3,48.55,51.63971408895539,0.14690579665789313,2004.0,3.424726870751825
11,3,45.25,51.63971408895539,0.14690579665789313,2004.0,3.2381266308735612
0,5,26.2,23.00408163265306,0.1892147587511826,1902.0,1.2668406570884454
1,5,19.1,23.00408163265306,0.1892147587511826,1902.0,0.7072879878234533
2,5,33.3,23.00408163265306,0.1892147587511826,1902.0,0.607186725414887
3,5,48.05,23.00408163265306,0.1892147587511826,1902.0,0.6064188194302211
4,5,62.3,23.00408163265306,0.1892147587511826,1902.0,0.7165466489905651
5,5,64.65,23.00408163265306,0.1892147587511826,1902.0,0.7416634246237989
6,5,73.85,23.00408163265306,0.1892147587511826,1902.0,0.7613676374159185
7,5,74.65,23.00408163265306,0.1892147587511826,1902.0,0.7811126539215829
8,5,69.2,23.00408163265306,0.1892147587511826,1902.0,0.6889955835199897
9,5,54.0,23.00408163265306,0.1892147587511826,1902.0,0.6413674986452474
10,5,48.55,23.00408163265306,0.1892147587511826,1902.0,0.6369589061998446
11,5,45.25,23.00408163265306,0.1892147587511826,1902.0,0.6022534569260474
0,5,26.2,18.898701298701297,0.12164463547157572,1887.0,2.479003788671132
1,5,19.1,18.898701298701297,0.12164463547157572,1887.0,1.3840490449096075
2,5,33.3,18.898701298701297,0.12164463547157572,1887.0,1.1881669445261855
3,5,48.05,18.898701298701297,0.12164463547157572,1887.0,1.1866642757930042
4,5,62.3,18.898701298701297,0.12164463547157572,1887.0,1.4021667584380344
5,5,64.65,18.898701298701297,0.12164463547157572,1887.0,1.4513162561318411
6,5,73.85,18.898701298701297,0.12164463547157572,1887.0,1.489874237272666
7,5,74.65,18.898701298701297,0.12164463547157572,1887.0,1.5285120647303136
8,5,69.2,18.898701298701297,0.12164463547157572,1887.0,1.3482537463308497
9,5,54.0,18.898701298701297,0.12164463547157572,1887.0,1.2550532303930406
10,5,48.55,18.898701298701297,0.12164463547157572,1887.0,1.246426322728127
11,5,45.25,18.898701298701297,0.12164463547157572,1887.0,1.1785133300751998
0,8,26.2,41.59996118954058,0.1422324619146135,2012.0,11.359038949513751
1,8,19.1,41.59996118954058,0.1422324619146135,2012.0,6.341848722059847
2,8,33.3,41.59996118954058,0.1422324619146135,2012.0,5.444297690497859
3,8,48.05,41.59996118954058,0.1422324619146135,2012.0,5.4374123147084275
4,8,62.3,41.59996118954058,0.1422324619146135,2012.0,6.4248658657149
5,8,64.65,41.59996118954058,0.1422324619146135,2012.0,6.650073693635268
6,8,73.85,41.59996118954058,0.1422324619146135,2012.0,6.826750151975022
7,8,74.65,41.59996118954058,0.1422324619146135,2012.0,7.00379247398425
8,8,69.2,41.59996118954058,0.1422324619146135,2012.0,6.177831146683917
9,8,54.0,41.59996118954058,0.1422324619146135,2012.0,5.750777224664763
10,8,48.55,41.59996118954058,0.1422324619146135,2012.0,5.7112478860540525
11,8,45.25,41.59996118954058,0.1422324619146135,2012.0,5.400063880507953
0,1,26.2,15.187882703285148,0.21667236857110272,1996.0,8.639049029909833
1,1,19.1,15.187882703285148,0.21667236857110272,1996.0,4.823255056493255
2,1,33.3,15.187882703285148,0.21667236857110272,1996.0,4.140627995966969
3,1,48.05,15.187882703285148,0.21667236857110272,1996.0,4.135391364655233
4,1,62.3,15.187882703285148,0.21667236857110272,1996.0,4.886393247809147
5,1,64.65,15.187882703285148,0.21667236857110272,1996.0,5.057673712289537
6,1,73.85,15.187882703285148,0.21667236857110272,1996.0,5.192043934348974
7,1,74.65,15.187882703285148,0.21667236857110272,1996.0,5.326692411830626
8,1,69.2,15.187882703285148,0.21667236857110272,1996.0,4.69851247204246
9,1,54.0,15.187882703285148,0.21667236857110272,1996.0,4.3737191697977575
10,1,48.55,15.187882703285148,0.21667236857110272,1996.0,4.343655368106819
11,1,45.25,15.187882703285148,0.21667236857110272,1996.0,4.106986236749401
0,5,26.2,5.6177946561779475,0.14303877940241574,1981.0,10.921618745467686
1,5,19.1,5.6177946561779475,0.14303877940241574,1981.0,6.097633276161456
2,5,33.3,5.6177946561779475,0.14303877940241574,1981.0,5.234645640069153
3,5,48.05,5.6177946561779475,0.14303877940241574,1981.0,5.228025410168923
4,5,62.3,5.6177946561779475,0.14303877940241574,1981.0,6.177453549370134
5,5,64.65,5.6177946561779475,0.14303877940241574,1981.0,6.393988948709216
6,5,73.85,5.6177946561779475,0.14303877940241574,1981.0,6.563861851501658
7,5,74.65,5.6177946561779475,0.14303877940241574,1981.0,6.734086529081435
8,5,69.2,5.6177946561779475,0.14303877940241574,1981.0,5.939931781010882
9,5,54.0,5.6177946561779475,0.14303877940241574,1981.0,5.52932308948513
10,5,48.55,5.6177946561779475,0.14303877940241574,1981.0,5.4913159686815565
11,5,45.25,5.6177946561779475,0.14303877940241574,1981.0,5.192115210292794
0,2,26.2,3.7053960869023386,0.12302155631449452,2002.0,5.70468849443413
1,2,19.1,3.7053960869023386,0.12302155631449452,2002.0,3.184976440258205
2,2,33.3,3.7053960869023386,0.12302155631449452,2002.0,2.734212157674391
3,2,48.05,3.7053960869023386,0.12302155631449452,2002.0,2.730754213369384
4,2,62.3,3.7053960869023386,0.12302155631449452,2002.0,3.2266689589963358
5,2,64.65,3.7053960869023386,0.12302155631449452,2002.0,3.339771881743935
6,2,73.85,3.7053960869023386,0.12302155631449452,2002.0,3.428501585340146
7,2,74.65,3.7053960869023386,0.12302155631449452,2002.0,3.517415031440899
8,2,69.2,3.7053960869023386,0.12302155631449452,2002.0,3.1026042273191776
9,2,54.0,3.7053960869023386,0.12302155631449452,2002.0,2.8881310129677176
10,2,48.55,3.7053960869023386,0.12302155631449452,2002.0,2.8682787557329843
11,2,45.25,3.7053960869023386,0.12302155631449452,2002.0,2.7119972407227064
0,3,26.2,44.84675469061306,0.1455320365389363,2000.0,10.695531516987526
1,3,19.1,44.84675469061306,0.1455320365389363,2000.0,5.971406840335004
2,3,33.3,44.84675469061306,0.1455320365389363,2000.0,5.126283816385267
3,3,48.05,44.84675469061306,0.1455320365389363,2000.0,5.119800631136103
4,3,62.3,44.84675469061306,0.1455320365389363,2000.0,6.049574762846698
5,3,64.65,44.84675469061306,0.1455320365389363,2000.0,6.261627686698826
6,3,73.85,44.84675469061306,0.1455320365389363,2000.0,6.42798406921334
7,3,74.65,44.84675469061306,0.1455320365389363,2000.0,6.5946849444640065
8,3,69.2,44.84675469061306,0.1455320365389363,2000.0,5.816969906491386
9,3,54.0,44.84675469061306,0.1455320365389363,2000.0,5.414861180329783
10,3,48.55,44.84675469061306,0.1455320365389363,2000.0,5.377640840753907
11,3,45.25,44.84675469061306,0.1455320365389363,2000.0,5.084633804358173
0,3,26.2,37.545291612032244,0.09020778897598607,1958.0,3.616817057529058
1,3,19.1,37.545291612032244,0.09020778897598607,1958.0,2.019299936919117
2,3,33.3,37.545291612032244,0.09020778897598607,1958.0,1.7335118614151448
3,3,48.05,37.545291612032244,0.09020778897598607,1958.0,1.7313194977201705
4,3,62.3,37.545291612032244,0.09020778897598607,1958.0,2.0457333194062675
5,3,64.65,37.545291612032244,0.09020778897598607,1958.0,2.1174414557311567
6,3,73.85,37.545291612032244,0.09020778897598607,1958.0,2.173696780765886
7,3,74.65,37.545291612032244,0.09020778897598607,1958.0,2.2300685999834737
8,3,69.2,37.545291612032244,0.09020778897598607,1958.0,1.9670753106113066
9,3,54.0,37.545291612032244,0.09020778897598607,1958.0,1.8310976177353013
10,3,48.55,37.545291612032244,0.09020778897598607,1958.0,1.8185111316077776
11,3,45.25,37.545291612032244,0.09020778897598607,1958.0,1.7194274305753474
0,3,26.2,44.39127302665432,0.0662133142448103,1896.0,2.20445896483534
1,3,19.1,44.39127302665432,0.0662133142448103,1896.0,1.2307683186149154
2,3,33.3,44.39127302665432,0.0662133142448103,1896.0,1.0565797779541994
3,3,48.05,44.39127302665432,0.0662133142448103,1896.0,1.0552435268459206
4,3,62.3,44.39127302665432,0.0662133142448103,1896.0,1.246879530785135
5,3,64.65,44.39127302665432,0.0662133142448103,1896.0,1.2905858176828837
6,3,73.85,44.39127302665432,0.0662133142448103,1896.0,1.3248735777824387
7,3,74.65,44.39127302665432,0.0662133142448103,1896.0,1.3592323413753054
8,3,69.2,44.39127302665432,0.0662133142448103,1896.0,1.198937279383951
9,3,54.0,44.39127302665432,0.0662133142448103,1896.0,1.1160585384052948
10,3,48.55,44.39127302665432,0.0662133142448103,1896.0,1.108387043901077
11,3,45.25,44.39127302665432,0.0662133142448103,1896.0,1.0479952824335423
0,3,26.2,41.94409902780918,0.06730868799834318,1926.0,1.6698342710012577
1,3,19.1,41.94409902780918,0.06730868799834318,1926.0,0.9322827736279911
2,3,33.3,41.94409902780918,0.06730868799834318,1926.0,0.8003383829857795
3,3,48.05,41.94409902780918,0.06730868799834318,1926.0,0.7993261990754138
4,3,62.3,41.94409902780918,0.06730868799834318,1926.0,0.9444866996970867
5,3,64.65,41.94409902780918,0.06730868799834318,1926.0,0.9775933516621529
6,3,73.85,41.94409902780918,0.06730868799834318,1926.0,1.0035656549816583
7,3,74.65,41.94409902780918,0.06730868799834318,1926.0,1.0295917420496408
8,3,69.2,41.94409902780918,0.06730868799834318,1926.0,0.908171388005796
9,3,54.0,41.94409902780918,0.06730868799834318,1926.0,0.845392373185743
10,3,48.55,41.94409902780918,0.06730868799834318,1926.0,0.8395813671124694
11,3,45.25,41.94409902780918,0.06730868799834318,1926.0,0.7938357966150139
0,3,26.2,35.50367885739018,0.06963605308106688,1915.0,1.7922077804665266
1,3,19.1,35.50367885739018,0.06963605308106688,1915.0,1.0006049519448033
2,3,33.3,35.50367885739018,0.06963605308106688,1915.0,0.8589910399509536
3,3,48.05,35.50367885739018,0.06963605308106688,1915.0,0.857904678321585
4,3,62.3,35.50367885739018,0.06963605308106688,1915.0,1.0137032405792537
5,3,64.65,35.50367885739018,0.06963605308106688,1915.0,1.0492361076831318
6,3,73.85,35.50367885739018,0.06963605308106688,1915.0,1.077111786661707
7,3,74.65,35.50367885739018,0.06963605308106688,1915.0,1.1050451909212622
8,3,69.2,35.50367885739018,0.06963605308106688,1915.0,0.9747265676881335
9,3,54.0,35.50367885739018,0.06963605308106688,1915.0,0.9073468038609975
10,3,48.55,35.50367885739018,0.06963605308106688,1915.0,0.9011099392345371
11,3,45.25,35.50367885739018,0.06963605308106688,1915.0,0.8520119126871122
0,3,26.2,68.45853959688576,0.06799055829228243,1974.0,1.6848778229922599
1,3,19.1,68.45853959688576,0.06799055829228243,1974.0,0.9406817175345495
2,3,33.3,68.45853959688576,0.06799055829228243,1974.0,0.807548638688354
3,3,48.05,68.45853959688576,0.06799055829228243,1974.0,0.8065273360040212
4,3,62.3,68.45853959688576,0.06799055829228243,1974.0,0.9529955888835467
5,3,64.65,68.45853959688576,0.06799055829228243,1974.0,0.9864004989744245
6,3,73.85,68.45853959688576,0.06799055829228243,1974.0,1.01260678700852
7,3,74.65,68.45853959688576,0.06799055829228243,1974.0,1.0388673433293674
8,3,69.2,68.45853959688576,0.06799055829228243,1974.0,0.9163531122220644
9,3,54.0,68.45853959688576,0.06799055829228243,1974.0,0.8530085206919208
10,3,48.55,68.45853959688576,0.06799055829228243,1974.0,0.8471451632125817
11,3,45.25,68.45853959688576,0.06799055829228243,1974.0,0.8009874704583924
0,9,26.2,5.186476605941445,0.1332001332001332,2003.0,1.7770195789371492
1,9,19.1,5.186476605941445,0.1332001332001332,2003.0,0.9921252489622202
2,9,33.3,5.186476605941445,0.1332001332001332,2003.0,0.8517114548666235
3,9,48.05,5.186476605941445,0.1332001332001332,2003.0,0.8506342996917411
4,9,62.3,5.186476605941445,0.1332001332001332,2003.0,1.0051125351506158
5,9,64.65,5.186476605941445,0.1332001332001332,2003.0,1.0403442762620885
6,9,73.85,5.186476605941445,0.1332001332001332,2003.0,1.0679837206730485
7,9,74.65,5.186476605941445,0.1332001332001332,2003.0,1.0956804011676922
8,9,69.2,5.186476605941445,0.1332001332001332,2003.0,0.9664661730467086
9,9,54.0,5.186476605941445,0.1332001332001332,2003.0,0.8996574241672602
10,9,48.55,5.186476605941445,0.1332001332001332,2003.0,0.8934734143257698
11,9,45.25,5.186476605941445,0.1332001332001332,2003.0,0.8447914727490857
0,3,32.6,49.1,0.11010184420589045,2000.0,1.3133581640140772
1,3,34.05,49.1,0.11010184420589045,2000.0,1.5479463622173923
2,3,42.55,49.1,0.11010184420589045,2000.0,1.4313664108727029
3,3,47.1,49.1,0.11010184420589045,2000.0,1.2137473815332849
4,3,58.6,49.1,0.11010184420589045,2000.0,1.6469121742318455
5,3,68.4,49.1,0.11010184420589045,2000.0,1.759245419972584
6,3,76.05,49.1,0.11010184420589045,2000.0,1.8048745145428136
7,3,76.4,49.1,0.11010184420589045,2000.0,1.8412539690069871
8,3,67.5,49.1,0.11010184420589045,2000.0,1.6725771543290489
9,3,55.3,49.1,0.11010184420589045,2000.0,1.4868174490690875
10,3,46.2,49.1,0.11010184420589045,2000.0,1.4862751155324652
11,3,35.35,49.1,0.11010184420589045,2000.0,1.4796258846777082
0,2,32.6,3.6,0.1157776398140846,2002.0,2.6783818306266536
1,2,34.05,3.6,0.1157776398140846,2002.0,3.156786568163633
2,2,42.55,3.6,0.1157776398140846,2002.0,2.9190405883902057
3,2,47.1,3.6,0.1157776398140846,2002.0,2.475241729745384
4,2,58.6,3.6,0.1157776398140846,2002.0,3.358611355959967
5,2,68.4,3.6,0.1157776398140846,2002.0,3.587696865618464
6,2,76.05,3.6,0.1157776398140846,2002.0,3.680750033591567
7,2,76.4,3.6,0.1157776398140846,2002.0,3.754940054649606
8,2,67.5,3.6,0.1157776398140846,2002.0,3.4109509372404068
9,2,55.3,3.6,0.1157776398140846,2002.0,3.03212402386424
10,2,46.2,3.6,0.1157776398140846,2002.0,3.0310180222186647
11,2,35.35,3.6,0.1157776398140846,2002.0,3.0174579899312097
0,8,32.6,44.0,0.1419284940411701,2012.0,5.988980709376975
1,8,34.05,44.0,0.1419284940411701,2012.0,7.058714946527609
2,8,42.55,44.0,0.1419284940411701,2012.0,6.527104378417593
3,8,47.1,44.0,0.1419284940411701,2012.0,5.534750423176829
4,8,58.6,44.0,0.1419284940411701,2012.0,7.51000413426211
5,8,68.4,44.0,0.1419284940411701,2012.0,8.02224950661872
6,8,76.05,44.0,0.1419284940411701,2012.0,8.230320522321117
7,8,76.4,44.0,0.1419284940411701,2012.0,8.396212703885427
8,8,67.5,44.0,0.1419284940411701,2012.0,7.627037762194123
9,8,55.3,44.0,0.1419284940411701,2012.0,6.779963961715173
10,8,46.2,44.0,0.1419284940411701,2012.0,6.777490892922611
11,8,35.35,44.0,0.1419284940411701,2012.0,6.747170058581715
0,3,32.6,73.5,0.058453758901440465,1924.0,0.797476363238049
1,3,34.05,73.5,0.058453758901440465,1924.0,0.9399192613656776
2,3,42.55,73.5,0.058453758901440465,1924.0,0.8691314456942205
3,3,47.1,73.5,0.058453758901440465,1924.0,0.7369922951988396
4,3,58.6,73.5,0.058453758901440465,1924.0,1.0000117007418268
5,3,68.4,73.5,0.058453758901440465,1924.0,1.0682208996782792
6,3,76.05,73.5,0.058453758901440465,1924.0,1.0959270695508576
7,3,76.4,73.5,0.058453758901440465,1924.0,1.118016820722772
8,3,67.5,73.5,0.058453758901440465,1924.0,1.0155955799541354
9,3,55.3,73.5,0.058453758901440465,1924.0,0.9028015392682939
10,3,46.2,73.5,0.058453758901440465,1924.0,0.9024722321620542
11,3,35.35,73.5,0.058453758901440465,1924.0,0.8984347924249948
0,1,32.6,3.9,0.04615384615384615,1923.0,0.0
1,1,34.05,3.9,0.04615384615384615,1923.0,0.0
2,1,42.55,3.9,0.04615384615384615,1923.0,0.0
3,1,47.1,3.9,0.04615384615384615,1923.0,0.0
4,1,58.6,3.9,0.04615384615384615,1923.0,0.0
5,1,68.4,3.9,0.04615384615384615,1923.0,0.0
6,1,76.05,3.9,0.04615384615384615,1923.0,0.0
7,1,76.4,3.9,0.04615384615384615,1923.0,0.0
8,1,67.5,3.9,0.04615384615384615,1923.0,0.0
9,1,55.3,3.9,0.04615384615384615,1923.0,0.0
10,1,46.2,3.9,0.04615384615384615,1923.0,0.0
11,1,35.35,3.9,0.04615384615384615,1923.0,0.0
0,1,32.6,10.3,0.09480122324159022,1911.0,6.895762999881234
1,1,34.05,10.3,0.09480122324159022,1911.0,8.127464040544114
2,1,42.55,10.3,0.09480122324159022,1911.0,7.515363139938565
3,1,47.1,10.3,0.09480122324159022,1911.0,6.372758409784589
4,1,58.6,10.3,0.09480122324159022,1911.0,8.647082225013063
5,1,68.4,10.3,0.09480122324159022,1911.0,9.236885875578597
6,1,76.05,10.3,0.09480122324159022,1911.0,9.476460601404947
7,1,76.4,10.3,0.09480122324159022,1911.0,9.667470261163853
8,1,67.5,10.3,0.09480122324159022,1911.0,8.781835733230556
9,1,55.3,10.3,0.09480122324159022,1911.0,7.806507800988948
10,1,46.2,10.3,0.09480122324159022,1911.0,7.803660288682019
11,1,35.35,10.3,0.09480122324159022,1911.0,7.7687486237895085
0,7,32.6,5.6,0.09038516609392899,1958.0,3.0546613345855143
1,7,34.05,5.6,0.09038516609392899,1958.0,3.6002760177969932
2,7,42.55,5.6,0.09038516609392899,1958.0,3.32912966981825
3,7,47.1,5.6,0.09038516609392899,1958.0,2.822982563257891
4,7,58.6,5.6,0.09038516609392899,1958.0,3.8304546908273975
5,7,68.4,5.6,0.09038516609392899,1958.0,4.091723879807783
6,7,76.05,5.6,0.09038516609392899,1958.0,4.1978498664082915
7,7,76.4,5.6,0.09038516609392899,1958.0,4.282462667371422
8,7,67.5,5.6,0.09038516609392899,1958.0,3.890147335609247
9,7,55.3,5.6,0.09038516609392899,1958.0,3.4580999286419547
10,7,46.2,5.6,0.09038516609392899,1958.0,3.456838547451232
11,7,35.35,5.6,0.09038516609392899,1958.0,3.441373498424026
0,3,32.6,50.0,0.08058608058608058,1958.0,1.6237729388099544
1,3,34.05,50.0,0.08058608058608058,1958.0,1.9138065171923448
2,3,42.55,50.0,0.08058608058608058,1958.0,1.7696726659794177
3,3,47.1,50.0,0.08058608058608058,1958.0,1.500618952762732
4,3,58.6,50.0,0.08058608058608058,1958.0,2.0361630927400793
5,3,68.4,50.0,0.08058608058608058,1958.0,2.1750465211607097
6,3,76.05,50.0,0.08058608058608058,1958.0,2.231460141615232
7,3,76.4,50.0,0.08058608058608058,1958.0,2.276437951405556
8,3,67.5,50.0,0.08058608058608058,1958.0,2.0678940411582656
9,3,55.3,50.0,0.08058608058608058,1958.0,1.8382296656762969
10,3,46.2,50.0,0.08058608058608058,1958.0,1.837559150545919
11,3,35.35,50.0,0.08058608058608058,1958.0,1.8293383609534932
0,4,32.6,30.2,0.14996767937944408,1905.0,5.437179082984847
1,4,34.05,30.2,0.14996767937944408,1905.0,6.408352125750124
2,4,42.55,30.2,0.14996767937944408,1905.0,5.925722108809867
3,4,47.1,30.2,0.14996767937944408,1905.0,5.024799826675208
4,4,58.6,30.2,0.14996767937944408,1905.0,6.818061265084204
5,4,68.4,30.2,0.14996767937944408,1905.0,7.283110320856315
6,4,76.05,30.2,0.14996767937944408,1905.0,7.472010474196459
7,4,76.4,30.2,0.14996767937944408,1905.0,7.6226179887973915
8,4,67.5,30.2,0.14996767937944408,1905.0,6.924311865090556
9,4,55.3,30.2,0.14996767937944408,1905.0,6.155284183552448
10,4,46.2,30.2,0.14996767937944408,1905.0,6.153038973797698
11,4,35.35,30.2,0.14996767937944408,1905.0,6.125511784404877
0,4,32.6,47.4,0.15410815488986293,1983.0,13.10300409778656
1,4,34.05,47.4,0.15410815488986293,1983.0,15.443424408538487
2,4,42.55,47.4,0.15410815488986293,1983.0,14.280339103978067
3,4,47.1,47.4,0.15410815488986293,1983.0,12.109215406482123
4,4,58.6,47.4,0.15410815488986293,1983.0,16.430778411351273
5,4,68.4,47.4,0.15410815488986293,1983.0,17.55149553147022
6,4,76.05,47.4,0.15410815488986293,1983.0,18.006724142761357
7,4,76.4,47.4,0.15410815488986293,1983.0,18.369671702673276
8,4,67.5,47.4,0.15410815488986293,1983.0,16.686830681476472
9,4,55.3,47.4,0.15410815488986293,1983.0,14.833558477506065
10,4,46.2,47.4,0.15410815488986293,1983.0,14.828147768723465
11,4,35.35,47.4,0.15410815488986293,1983.0,14.761810267252635
0,9,32.6,4.5,0.12190874259839778,2003.0,0.8768373869573752
1,9,34.05,4.5,0.12190874259839778,2003.0,1.0334555192838661
2,9,42.55,4.5,0.12190874259839778,2003.0,0.9556232396288854
3,9,47.1,4.5,0.12190874259839778,2003.0,0.8103342344918751
4,9,58.6,4.5,0.12190874259839778,2003.0,1.0995280700796426
5,9,68.4,4.5,0.12190874259839778,2003.0,1.174525121426783
6,9,76.05,4.5,0.12190874259839778,2003.0,1.2049884764722252
7,9,76.4,4.5,0.12190874259839778,2003.0,1.229276493759
8,9,67.5,4.5,0.12190874259839778,2003.0,1.1166627822254633
9,9,55.3,4.5,0.12190874259839778,2003.0,0.9926440194652001
10,9,46.2,4.5,0.12190874259839778,2003.0,0.9922819412947961
11,9,35.35,4.5,0.12190874259839778,2003.0,0.9878427149148861
0,3,32.6,38.7,0.07065889418830597,1914.0,0.7022290761346944
1,3,34.05,38.7,0.07065889418830597,1914.0,0.8276591821104554
2,3,42.55,38.7,0.07065889418830597,1914.0,0.7653259711313584
3,3,47.1,38.7,0.07065889418830597,1914.0,0.6489689756753112
4,3,58.6,38.7,0.07065889418830597,1914.0,0.8805744284187613
5,3,68.4,38.7,0.07065889418830597,1914.0,0.9406370020084625
6,3,76.05,38.7,0.07065889418830597,1914.0,0.9650340612439899
7,3,76.4,38.7,0.07065889418830597,1914.0,0.9844855036598051
8,3,67.5,38.7,0.07065889418830597,1914.0,0.894297033384029
9,3,55.3,38.7,0.07065889418830597,1914.0,0.7949746476236451
10,3,46.2,38.7,0.07065889418830597,1914.0,0.7946846715997284
11,3,35.35,38.7,0.07065889418830597,1914.0,0.7911294470097573
0,5,32.6,22.6,0.10812109562710236,1928.0,5.26608543220288
1,5,34.05,22.6,0.10812109562710236,1928.0,6.206698226925615
2,5,42.55,22.6,0.10812109562710236,1928.0,5.739255300628313
3,5,47.1,22.6,0.10812109562710236,1928.0,4.8666826608299925
4,5,58.6,22.6,0.10812109562710236,1928.0,6.603514902844838
5,5,68.4,22.6,0.10812109562710236,1928.0,7.05393009434094
6,5,76.05,22.6,0.10812109562710236,1928.0,7.236886059274751
7,5,76.4,22.6,0.10812109562710236,1928.0,7.382754353571369
8,5,67.5,22.6,0.10812109562710236,1928.0,6.70642207737717
9,5,55.3,22.6,0.10812109562710236,1928.0,5.961593663801102
10,5,46.2,22.6,0.10812109562710236,1928.0,5.959419104861388
11,5,35.35,22.6,0.10812109562710236,1928.0,5.93275812334164
0,2,32.6,124.3,0.13531003647487938,1972.0,9.160469343715828
1,2,34.05,124.3,0.13531003647487938,1972.0,10.796685615042078
2,2,42.55,124.3,0.13531003647487938,1972.0,9.983558549138777
3,2,47.1,124.3,0.13531003647487938,1972.0,8.465699596802326
4,2,58.6,124.3,0.13531003647487938,1972.0,11.486956793060678
5,2,68.4,124.3,0.13531003647487938,1972.0,12.270463746520406
6,2,76.05,124.3,0.13531003647487938,1972.0,12.588719598918349
7,2,76.4,124.3,0.13531003647487938,1972.0,12.842460647241094
8,2,67.5,124.3,0.13531003647487938,1972.0,11.665966045699692
9,2,55.3,124.3,0.13531003647487938,1972.0,10.370320933835657
10,2,46.2,124.3,0.13531003647487938,1972.0,10.366538241594938
11,2,35.35,124.3,0.13531003647487938,1972.0,10.320160888430188
0,1,32.6,3.9,0.1141604639481255,1986.0,1.9683502092015732
1,1,34.05,3.9,0.1141604639481255,1986.0,2.3199311729186163
2,1,42.55,3.9,0.1141604639481255,1986.0,2.1452109953573877
3,1,47.1,3.9,0.1141604639481255,1986.0,1.8190619876736804
4,1,58.6,3.9,0.1141604639481255,1986.0,2.468252767225441
5,1,68.4,3.9,0.1141604639481255,1986.0,2.6366083413654624
6,1,76.05,3.9,0.1141604639481255,1986.0,2.7049933716670878
7,1,76.4,3.9,0.1141604639481255,1986.0,2.759515823171358
8,1,67.5,3.9,0.1141604639481255,1986.0,2.5067172701521105
9,1,55.3,3.9,0.1141604639481255,1986.0,2.2283163246003315
10,1,46.2,3.9,0.1141604639481255,1986.0,2.227503520934494
11,1,35.35,3.9,0.1141604639481255,1986.0,2.217538215732455
0,4,32.6,78.2,0.13887748168833206,1917.0,8.348653167511664
1,4,34.05,78.2,0.13887748168833206,1917.0,9.839865205212883
2,4,42.55,78.2,0.13887748168833206,1917.0,9.098798825355386
3,4,47.1,78.2,0.13887748168833206,1917.0,7.715455082280385
4,4,58.6,78.2,0.13887748168833206,1917.0,10.468963392279067
5,4,68.4,78.2,0.13887748168833206,1917.0,11.183034643798107
6,4,76.05,78.2,0.13887748168833206,1917.0,11.473086128116861
7,4,76.4,78.2,0.13887748168833206,1917.0,11.704340218635776
8,4,67.5,78.2,0.13887748168833206,1917.0,10.632108544343119
9,4,55.3,78.2,0.13887748168833206,1917.0,9.45128567803931
10,4,46.2,78.2,0.13887748168833206,1917.0,9.447838214337153
11,4,35.35,78.2,0.13887748168833206,1917.0,9.405570900090277
0,3,32.6,29.8,0.16185876517425923,2008.0,3.036314809172986
1,3,34.05,29.8,0.16185876517425923,2008.0,3.578652489615729
2,3,42.55,29.8,0.16185876517425923,2008.0,3.309134666968872
3,3,47.1,29.8,0.16185876517425923,2008.0,2.8060275179474545
4,3,58.6,29.8,0.16185876517425923,2008.0,3.807448692247087
5,3,68.4,29.8,0.16185876517425923,2008.0,4.067148678854409
6,3,76.05,29.8,0.16185876517425923,2008.0,4.172637264808223
7,3,76.4,29.8,0.16185876517425923,2008.0,4.2567418749334625
8,3,67.5,29.8,0.16185876517425923,2008.0,3.866782818520835
9,3,55.3,29.8,0.16185876517425923,2008.0,3.437330320731067
10,3,46.2,29.8,0.16185876517425923,2008.0,3.436076515490518
11,3,35.35,29.8,0.16185876517425923,2008.0,3.4207043507093564
0,3,32.6,46.8,0.06529573881704473,1896.0,1.0245234018681855
1,3,34.05,46.8,0.06529573881704473,1896.0,1.2075207787046938
2,3,42.55,46.8,0.06529573881704473,1896.0,1.116579182106061
3,3,47.1,46.8,0.06529573881704473,1896.0,0.9468191011479141
4,3,58.6,46.8,0.06529573881704473,1896.0,1.2847219513717165
5,3,68.4,46.8,0.06529573881704473,1896.0,1.3723507812085427
6,3,76.05,46.8,0.06529573881704473,1896.0,1.4079450893524679
7,3,76.4,46.8,0.06529573881704473,1896.0,1.436323945529696
8,3,67.5,46.8,0.06529573881704473,1896.0,1.3047426688260486
9,3,55.3,46.8,0.06529573881704473,1896.0,1.1598353842957587
10,3,46.2,46.8,0.06529573881704473,1896.0,1.159412321177782
11,3,35.35,46.8,0.06529573881704473,1896.0,1.1542253944111325
0,3,32.6,39.4,0.0676132521974307,1926.0,0.8544138558976189
1,3,34.05,39.4,0.0676132521974307,1926.0,1.0070267626178768
2,3,42.55,39.4,0.0676132521974307,1926.0,0.9311849028129794
3,3,47.1,39.4,0.0676132521974307,1926.0,0.7896114013346757
4,3,58.6,39.4,0.0676132521974307,1926.0,1.071409627370375
5,3,68.4,39.4,0.0676132521974307,1926.0,1.1444887647059925
6,3,76.05,39.4,0.0676132521974307,1926.0,1.1741730745165866
7,3,76.4,39.4,0.0676132521974307,1926.0,1.1978399696681616
8,3,67.5,39.4,0.0676132521974307,1926.0,1.088106150228516
9,3,55.3,39.4,0.0676132521974307,1926.0,0.9672589431296705
10,3,46.2,39.4,0.0676132521974307,1926.0,0.9669061244539241
11,3,35.35,39.4,0.0676132521974307,1926.0,0.9625804232636238
0,3,32.6,30.1,0.06930540582165409,1915.0,0.8915989591283751
1,3,34.05,30.1,0.06930540582165409,1915.0,1.0508537603492512
2,3,42.55,30.1,0.06930540582165409,1915.0,0.9717111729559712
3,3,47.1,30.1,0.06930540582165409,1915.0,0.8239762249715364
4,3,58.6,30.1,0.06930540582165409,1915.0,1.1180386436500072
5,3,68.4,30.1,0.06930540582165409,1915.0,1.1942982716191533
6,3,76.05,30.1,0.06930540582165409,1915.0,1.2252744777596367
7,3,76.4,30.1,0.06930540582165409,1915.0,1.2499713842263236
8,3,67.5,30.1,0.06930540582165409,1915.0,1.135461818963266
9,3,55.3,30.1,0.06930540582165409,1915.0,1.0093551982440758
10,3,46.2,30.1,0.06930540582165409,1915.0,1.0089870244815775
11,3,35.35,30.1,0.06930540582165409,1915.0,1.0044730636508272
0,3,32.6,49.7,0.1151801069754966,1992.0,2.8483507901955916
1,3,34.05,49.7,0.1151801069754966,1992.0,3.3571148867164937
2,3,42.55,49.7,0.1151801069754966,1992.0,3.1042816492706486
3,3,47.1,49.7,0.1151801069754966,1992.0,2.632319505839769
4,3,58.6,49.7,0.1151801069754966,1992.0,3.571747388784448
5,3,68.4,49.7,0.1151801069754966,1992.0,3.8153705664048965
6,3,76.05,49.7,0.1151801069754966,1992.0,3.9143288484151872
7,3,76.4,49.7,0.1151801069754966,1992.0,3.9932269363162134
8,3,67.5,49.7,0.1151801069754966,1992.0,3.6274084173928176
9,3,55.3,49.7,0.1151801069754966,1992.0,3.22454131094672
10,3,46.2,49.7,0.1151801069754966,1992.0,3.2233651229121723
11,3,35.35,49.7,0.1151801069754966,1992.0,3.208944576805043
0,1,32.6,16.9,0.15772323904603439,1996.0,4.393606223695991
1,1,34.05,16.9,0.15772323904603439,1996.0,5.178379331194386
2,1,42.55,16.9,0.15772323904603439,1996.0,4.788381831791235
3,1,47.1,16.9,0.15772323904603439,1996.0,4.060376061622589
4,1,58.6,16.9,0.15772323904603439,1996.0,5.509451859247875
5,1,68.4,16.9,0.15772323904603439,1996.0,5.885242760113809
6,1,76.05,16.9,0.15772323904603439,1996.0,6.037886783182619
7,1,76.4,16.9,0.15772323904603439,1996.0,6.159587779855103
8,1,67.5,16.9,0.15772323904603439,1996.0,5.595309486950487
9,1,55.3,16.9,0.15772323904603439,1996.0,4.97388342092776
10,1,46.2,16.9,0.15772323904603439,1996.0,4.972069140507451
11,1,35.35,16.9,0.15772323904603439,1996.0,4.949825320910699
0,3,32.6,52.5,0.10532544378698225,2004.0,3.19834063704991
1,3,34.05,52.5,0.10532544378698225,2004.0,3.769618897500073
2,3,42.55,52.5,0.10532544378698225,2004.0,3.4857188875352167
3,3,47.1,52.5,0.10532544378698225,2004.0,2.955764603926593
4,3,58.6,52.5,0.10532544378698225,2004.0,4.0106242735789435
5,3,68.4,52.5,0.10532544378698225,2004.0,4.2841825416801855
6,3,76.05,52.5,0.10532544378698225,2004.0,4.395300278939094
7,3,76.4,52.5,0.10532544378698225,2004.0,4.483892934586701
8,3,67.5,52.5,0.10532544378698225,2004.0,4.073124626523857
9,3,55.3,52.5,0.10532544378698225,2004.0,3.6207554020896753
10,3,46.2,52.5,0.10532544378698225,2004.0,3.6194346904692343
11,3,35.35,52.5,0.10532544378698225,2004.0,3.6032422261205164
0,5,32.6,16.6,0.29961649089165865,1887.0,3.0164218333425437
1,5,34.05,16.6,0.29961649089165865,1887.0,3.555206288560948
2,5,42.55,16.6,0.29961649089165865,1887.0,3.287454261580466
3,5,47.1,16.6,0.29961649089165865,1887.0,2.7876433117296253
4,5,58.6,16.6,0.29961649089165865,1887.0,3.7825034907213104
5,5,68.4,16.6,0.29961649089165865,1887.0,4.040502005023739
6,5,76.05,16.6,0.29961649089165865,1887.0,4.145299463073283
7,5,76.4,16.6,0.29961649089165865,1887.0,4.228853046351308
8,5,67.5,16.6,0.29961649089165865,1887.0,3.841448878536082
9,5,55.3,16.6,0.29961649089165865,1887.0,3.414810017900487
10,5,46.2,16.6,0.29961649089165865,1887.0,3.413564427195951
11,5,35.35,16.6,0.29961649089165865,1887.0,3.398292975984255
0,4,32.6,17.2,0.11506622130914614,1983.0,9.647109172953114
1,4,34.05,17.2,0.11506622130914614,1983.0,11.370247628830933
2,4,42.55,17.2,0.11506622130914614,1983.0,10.513924084488364
3,4,47.1,17.2,0.11506622130914614,1983.0,8.915430549615154
4,4,58.6,17.2,0.11506622130914614,1983.0,12.097188701763686
5,4,68.4,17.2,0.11506622130914614,1983.0,12.922318597862203
6,4,76.05,17.2,0.11506622130914614,1983.0,13.257481441360003
7,4,76.4,17.2,0.11506622130914614,1983.0,13.524702202980514
8,4,67.5,17.2,0.11506622130914614,1983.0,12.285707623489243
9,4,55.3,17.2,0.11506622130914614,1983.0,10.921232794245913
10,4,46.2,17.2,0.11506622130914614,1983.0,10.917249150652486
11,4,35.35,17.2,0.11506622130914614,1983.0,10.868408051758369
0,1,32.6,5.5,0.09671459091171547,1981.0,2.1878055821437674
1,1,34.05,5.5,0.09671459091171547,1981.0,2.578585023424006
2,1,42.55,5.5,0.09671459091171547,1981.0,2.384384937486727
3,1,47.1,5.5,0.09671459091171547,1981.0,2.021872912804644
4,1,58.6,5.5,0.09671459091171547,1981.0,2.7434432943048583
5,1,68.4,5.5,0.09671459091171547,1981.0,2.9305691742253646
6,1,76.05,5.5,0.09671459091171547,1981.0,3.0065785908066016
7,1,76.4,5.5,0.09671459091171547,1981.0,3.0671798614522308
8,1,67.5,5.5,0.09671459091171547,1981.0,2.78619628298744
9,1,55.3,5.5,0.09671459091171547,1981.0,2.4767558491129464
10,1,46.2,5.5,0.09671459091171547,1981.0,2.4758524243113067
11,1,35.35,5.5,0.09671459091171547,1981.0,2.464776066940109
0,3,32.6,32.7,0.0714555357816966,1926.0,0.931033444785188
1,3,34.05,32.7,0.0714555357816966,1926.0,1.0973319186239223
2,3,42.55,32.7,0.0714555357816966,1926.0,1.0146889377011854
3,3,47.1,32.7,0.0714555357816966,1926.0,0.8604198281100599
4,3,58.6,32.7,0.0714555357816966,1926.0,1.167488318759409
5,3,68.4,32.7,0.0714555357816966,1926.0,1.2471208299901988
6,3,76.05,32.7,0.0714555357816966,1926.0,1.2794670811988635
7,3,76.4,32.7,0.0714555357816966,1926.0,1.3052563059033153
8,3,67.5,32.7,0.0714555357816966,1926.0,1.1856821028199664
9,3,55.3,32.7,0.0714555357816966,1926.0,1.0539979186962143
10,3,46.2,32.7,0.0714555357816966,1926.0,1.0536134609948353
11,3,35.35,32.7,0.0714555357816966,1926.0,1.0488998524168405
0,1,32.6,29.3,0.10379484063694588,1902.0,2.8607926867397198
1,1,34.05,29.3,0.10379484063694588,1902.0,3.3717791184716037
2,1,42.55,29.3,0.10379484063694588,1902.0,3.117841478789192
3,1,47.1,29.3,0.10379484063694588,1902.0,2.6438177549583406
4,1,58.6,29.3,0.10379484063694588,1902.0,3.587349157936612
5,1,68.4,29.3,0.10379484063694588,1902.0,3.8320365072813227
6,1,76.05,29.3,0.10379484063694588,1902.0,3.931427049500291
7,1,76.4,29.3,0.10379484063694588,1902.0,4.010669772567243
8,1,67.5,29.3,0.10379484063694588,1902.0,3.643253319786108
9,1,55.3,29.3,0.10379484063694588,1902.0,3.2386264473460575
10,1,46.2,29.3,0.10379484063694588,1902.0,3.2374451215981734
11,1,35.35,29.3,0.10379484063694588,1902.0,3.222961585025336
0,1,32.6,18.1,0.14554275318374774,1957.0,3.341035834702906
1,1,34.05,18.1,0.14554275318374774,1957.0,3.937801894465461
2,1,42.55,18.1,0.14554275318374774,1957.0,3.641235576363711
3,1,47.1,18.1,0.14554275318374774,1957.0,3.0876371785633183
4,1,58.6,18.1,0.14554275318374774,1957.0,4.189559818092466
5,1,68.4,18.1,0.14554275318374774,1957.0,4.475322993539763
6,1,76.05,18.1,0.14554275318374774,1957.0,4.591398291384069
7,1,76.4,18.1,0.14554275318374774,1957.0,4.6839435424374924
8,1,67.5,18.1,0.14554275318374774,1957.0,4.254848648322613
9,1,55.3,18.1,0.14554275318374774,1957.0,3.782296796952138
10,1,46.2,18.1,0.14554275318374774,1957.0,3.7809171612747847
11,1,35.35,18.1,0.14554275318374774,1957.0,3.7640022639012782
0,4,32.6,28.7,0.13600052815739092,1997.0,9.06993170106703
1,4,34.05,28.7,0.13600052815739092,1997.0,10.689976403174382
2,4,42.55,28.7,0.13600052815739092,1997.0,9.88488589139932
3,4,47.1,28.7,0.13600052815739092,1997.0,8.382028721860403
4,4,58.6,28.7,0.13600052815739092,1997.0,11.373425275162441
5,4,68.4,28.7,0.13600052815739092,1997.0,12.149188425340535
6,4,76.05,28.7,0.13600052815739092,1997.0,12.464298791022227
7,4,76.4,28.7,0.13600052815739092,1997.0,12.715531985708177
8,4,67.5,28.7,0.13600052815739092,1997.0,11.55066528704117
9,4,55.3,28.7,0.13600052815739092,1997.0,10.267825703991885
10,4,46.2,28.7,0.13600052815739092,1997.0,10.264080398049348
11,4,35.35,28.7,0.13600052815739092,1997.0,10.218161416183083
0,3,32.6,66.2,0.08263045477931431,1966.0,1.346747434400862
1,3,34.05,66.2,0.08263045477931431,1966.0,1.5872995265319538
2,3,42.55,66.2,0.08263045477931431,1966.0,1.4677557838744442
3,3,47.1,66.2,0.08263045477931431,1966.0,1.24460426476109
4,3,58.6,66.2,0.08263045477931431,1966.0,1.6887813287362412
5,3,68.4,66.2,0.08263045477931431,1966.0,1.803970402550564
6,3,76.05,66.2,0.08263045477931431,1966.0,1.8507595174548153
7,3,76.4,66.2,0.08263045477931431,1966.0,1.888063840302123
8,3,67.5,66.2,0.08263045477931431,1966.0,1.7150987850455068
9,3,55.3,66.2,0.08263045477931431,1966.0,1.524616543926068
10,3,46.2,66.2,0.08263045477931431,1966.0,1.5240604227406607
11,3,35.35,66.2,0.08263045477931431,1966.0,1.5172421496756698
0,3,32.6,66.1,0.06561141638645122,1974.0,0.7415229753898792
1,3,34.05,66.1,0.06561141638645122,1974.0,0.8739716428511709
2,3,42.55,66.1,0.06561141638645122,1974.0,0.8081505174639342
3,3,47.1,66.1,0.06561141638645122,1974.0,0.685282655094981
4,3,58.6,66.1,0.06561141638645122,1974.0,0.9298478123513029
5,3,68.4,66.1,0.06561141638645122,1974.0,0.9932712446633908
6,3,76.05,66.1,0.06561141638645122,1974.0,1.0190334646709562
7,3,76.4,66.1,0.06561141638645122,1974.0,1.0395733311418707
8,3,67.5,66.1,0.06561141638645122,1974.0,0.944338278795608
9,3,55.3,66.1,0.06561141638645122,1974.0,0.8394582139921756
10,3,46.2,66.1,0.06561141638645122,1974.0,0.8391520120826365
11,3,35.35,66.1,0.06561141638645122,1974.0,0.8353978515020952
0,1,32.6,12.4,0.09221420875355511,1931.0,2.957867597064245
1,1,34.05,12.4,0.09221420875355511,1931.0,3.4861932656682537
2,1,42.55,12.4,0.09221420875355511,1931.0,3.2236387927163594
3,1,47.1,12.4,0.09221420875355511,1931.0,2.7335300828269693
4,1,58.6,12.4,0.09221420875355511,1931.0,3.709078215558865
5,1,68.4,12.4,0.09221420875355511,1931.0,3.96206850926067
6,1,76.05,12.4,0.09221420875355511,1931.0,4.064831657966551
7,1,76.4,12.4,0.09221420875355511,1931.0,4.146763314164258
8,1,67.5,12.4,0.09221420875355511,1931.0,3.7668793661427986
9,1,55.3,12.4,0.09221420875355511,1931.0,3.348522342077614
10,1,46.2,12.4,0.09221420875355511,1931.0,3.3473009305550523
11,1,35.35,12.4,0.09221420875355511,1931.0,3.3323259259983558
0,1,32.6,0.8,0.1002695772240121,1919.0,2.106265469199198
1,1,34.05,0.8,0.1002695772240121,1919.0,2.4824804537294987
2,1,42.55,0.8,0.1002695772240121,1919.0,2.295518258156159
3,1,47.1,0.8,0.1002695772240121,1919.0,1.9465171558693724
4,1,58.6,0.8,0.1002695772240121,1919.0,2.641194411725703
5,1,68.4,0.8,0.1002695772240121,1919.0,2.8213460588770345
6,1,76.05,0.8,0.1002695772240121,1919.0,2.894522583695187
7,1,76.4,0.8,0.1002695772240121,1919.0,2.9528652283946357
8,1,67.5,0.8,0.1002695772240121,1919.0,2.682353984816722
9,1,55.3,0.8,0.1002695772240121,1919.0,2.384446480620111
10,1,46.2,0.8,0.1002695772240121,1919.0,2.383576726708135
11,1,35.35,0.8,0.1002695772240121,1919.0,2.3729131882082455
0,1,32.6,7.9,0.07027088291964186,1926.0,1.6416977050175965
1,1,34.05,7.9,0.07027088291964186,1926.0,1.9349329527717405
2,1,42.55,7.9,0.07027088291964186,1926.0,1.7892080135908786
3,1,47.1,7.9,0.07027088291964186,1926.0,1.517184226916606
4,1,58.6,7.9,0.07027088291964186,1926.0,2.058640217789807
5,1,68.4,7.9,0.07027088291964186,1926.0,2.19905677496573
6,1,76.05,7.9,0.07027088291964186,1926.0,2.256093143178517
7,1,76.4,7.9,0.07027088291964186,1926.0,2.301567461258734
8,1,67.5,7.9,0.07027088291964186,1926.0,2.090721442911311
9,1,55.3,7.9,0.07027088291964186,1926.0,1.8585218113363595
10,1,46.2,7.9,0.07027088291964186,1926.0,1.8578438944155815
11,1,35.35,7.9,0.07027088291964186,1926.0,1.8495323558471353
0,10,32.6,13.9,0.10790283725910065,1915.0,4.727077168358953
1,10,34.05,13.9,0.10790283725910065,1915.0,5.57141388173813
2,10,42.55,13.9,0.10790283725910065,1915.0,5.1518159065707305
3,10,47.1,13.9,0.10790283725910065,1915.0,4.368555122744078
4,10,58.6,13.9,0.10790283725910065,1915.0,5.9276145307612484
5,10,68.4,13.9,0.10790283725910065,1915.0,6.331927638745255
6,10,76.05,13.9,0.10790283725910065,1915.0,6.49615721226585
7,10,76.4,13.9,0.10790283725910065,1915.0,6.627095210221681
8,10,67.5,13.9,0.10790283725910065,1915.0,6.0199886787797
9,10,55.3,13.9,0.10790283725910065,1915.0,5.351396907246737
10,10,46.2,13.9,0.10790283725910065,1915.0,5.3494449244983535
11,10,35.35,13.9,0.10790283725910065,1915.0,5.325512818069286
0,3,32.6,44.9,0.08985136452241715,1923.0,1.79500717599355
1,3,34.05,44.9,0.08985136452241715,1923.0,2.1156261135508108
2,3,42.55,44.9,0.08985136452241715,1923.0,1.956292692573611
3,3,47.1,44.9,0.08985136452241715,1923.0,1.658866042326802
4,3,58.6,44.9,0.08985136452241715,1923.0,2.250885746156306
5,3,68.4,44.9,0.08985136452241715,1923.0,2.404415063392203
6,3,76.05,44.9,0.08985136452241715,1923.0,2.466777756549203
7,3,76.4,44.9,0.08985136452241715,1923.0,2.5164986808265057
8,3,67.5,44.9,0.08985136452241715,1923.0,2.285962867316774
9,3,55.3,44.9,0.08985136452241715,1923.0,2.032079339511252
10,3,46.2,44.9,0.08985136452241715,1923.0,2.03133811551258
11,3,35.35,44.9,0.08985136452241715,1923.0,2.022250406290407
0,2,32.6,2.7,0.13616557734204793,2004.0,4.177665510794511
1,2,34.05,2.7,0.13616557734204793,2004.0,4.923867919037897
2,2,42.55,2.7,0.13616557734204793,2004.0,4.553038349977868
3,2,47.1,2.7,0.13616557734204793,2004.0,3.860813229462973
4,2,58.6,2.7,0.13616557734204793,2004.0,5.238668611589973
5,2,68.4,2.7,0.13616557734204793,2004.0,5.595989820156851
6,2,76.05,2.7,0.13616557734204793,2004.0,5.74113156434963
7,2,76.4,2.7,0.13616557734204793,2004.0,5.856851096447402
8,2,67.5,2.7,0.13616557734204793,2004.0,5.320306435243205
9,2,55.3,2.7,0.13616557734204793,2004.0,4.729422748505353
10,2,46.2,2.7,0.13616557734204793,2004.0,4.727697637889396
11,2,35.35,2.7,0.13616557734204793,2004.0,4.706547076544934
0,2,32.6,2.5,0.18669382213170402,2004.0,4.003619545578344
1,2,34.05,2.5,0.18669382213170402,2004.0,4.718734372000311
2,2,42.55,2.5,0.18669382213170402,2004.0,4.363353955130896
3,2,47.1,2.5,0.18669382213170402,2004.0,3.6999676655218248
4,2,58.6,2.5,0.18669382213170402,2004.0,5.0204201346365345
5,2,68.4,2.5,0.18669382213170402,2004.0,5.362854963603002
6,2,76.05,2.5,0.18669382213170402,2004.0,5.50194994917044
7,2,76.4,2.5,0.18669382213170402,2004.0,5.612848483127915
8,2,67.5,2.5,0.18669382213170402,2004.0,5.098656840182258
9,2,55.3,2.5,0.18669382213170402,2004.0,4.532389992998231
10,2,46.2,2.5,0.18669382213170402,2004.0,4.53073675231573
11,2,35.35,2.5,0.18669382213170402,2004.0,4.510467345734508
0,5,32.6,5.0,0.07555602231090573,1981.0,5.6521356910749265
1,5,34.05,5.0,0.07555602231090573,1981.0,6.66170365516892
2,5,42.55,5.0,0.07555602231090573,1981.0,6.159993061734762
3,5,47.1,5.0,0.07555602231090573,1981.0,5.223453192802846
4,5,58.6,5.0,0.07555602231090573,1981.0,7.087610474504081
5,5,68.4,5.0,0.07555602231090573,1981.0,7.571045050800447
6,5,76.05,5.0,0.07555602231090573,1981.0,7.767413292943619
7,5,76.4,5.0,0.07555602231090573,1981.0,7.923975012840604
8,5,67.5,5.0,0.07555602231090573,1981.0,7.198061647681984
9,5,55.3,5.0,0.07555602231090573,1981.0,6.398630777389596
10,5,46.2,5.0,0.07555602231090573,1981.0,6.396296804203301
11,5,35.35,5.0,0.07555602231090573,1981.0,6.367681338854912
0,6,32.6,40.1,0.15899122807017546,2003.0,2.7779872961804934
1,6,34.05,40.1,0.15899122807017546,2003.0,3.274183270971492
2,6,42.55,40.1,0.15899122807017546,2003.0,3.027595833744874
3,6,47.1,40.1,0.15899122807017546,2003.0,2.567292684553384
4,6,58.6,40.1,0.15899122807017546,2003.0,3.4835136547657113
5,6,68.4,40.1,0.15899122807017546,2003.0,3.7211185504879327
6,6,76.05,40.1,0.15899122807017546,2003.0,3.8176322422785276
7,6,76.4,40.1,0.15899122807017546,2003.0,3.894581291755306
8,6,67.5,40.1,0.15899122807017546,2003.0,3.537799675609293
9,6,55.3,40.1,0.15899122807017546,2003.0,3.1448846921007467
10,6,46.2,40.1,0.15899122807017546,2003.0,3.1437375597218495
11,6,35.35,40.1,0.15899122807017546,2003.0,3.1296732478303917
0,5,35.15,21.1,0.05329678696512868,1902.0,0.06274655522701941
1,5,28.6,21.1,0.05329678696512868,1902.0,0.0570039391336009
2,5,34.05,21.1,0.05329678696512868,1902.0,0.055474776589830195
3,5,51.65,21.1,0.05329678696512868,1902.0,0.05905027175338836
4,5,56.35,21.1,0.05329678696512868,1902.0,0.05781307305780464
5,5,69.5,21.1,0.05329678696512868,1902.0,0.06651836077720145
6,5,72.5,21.1,0.05329678696512868,1902.0,0.07547944637037643
7,5,72.0,21.1,0.05329678696512868,1902.0,0.07273440861639763
8,5,67.1,21.1,0.05329678696512868,1902.0,0.09190455777204092
9,5,61.35,21.1,0.05329678696512868,1902.0,0.06804777517316164
10,5,43.75,21.1,0.05329678696512868,1902.0,0.05632049624209185
11,5,30.75,21.1,0.05329678696512868,1902.0,0.06890633928708657
0,5,35.15,16.5,0.28644905026226003,1887.0,3.3821660874539763
1,5,28.6,16.5,0.28644905026226003,1887.0,3.0726274787740855
2,5,34.05,16.5,0.28644905026226003,1887.0,2.990202528447584
3,5,51.65,16.5,0.28644905026226003,1887.0,3.182928940985922
4,5,56.35,16.5,0.28644905026226003,1887.0,3.1162414319026555
5,5,69.5,16.5,0.28644905026226003,1887.0,3.5854740264179807
6,5,72.5,16.5,0.28644905026226003,1887.0,4.06849464309333
7,5,72.0,16.5,0.28644905026226003,1887.0,3.920531562623057
8,5,67.1,16.5,0.28644905026226003,1887.0,4.9538413296862815
9,5,61.35,16.5,0.28644905026226003,1887.0,3.667912552086287
10,5,43.75,16.5,0.28644905026226003,1887.0,3.0357885262290374
11,5,30.75,16.5,0.28644905026226003,1887.0,3.7141908922997984
0,5,35.15,17.0,0.22377924563244642,2007.0,6.1417469102665265
1,5,28.6,17.0,0.22377924563244642,2007.0,5.579649205922553
2,5,34.05,17.0,0.22377924563244642,2007.0,5.429971995842742
3,5,51.65,17.0,0.22377924563244642,2007.0,5.779947963352113
4,5,56.35,17.0,0.22377924563244642,2007.0,5.6588487055762045
5,5,69.5,17.0,0.22377924563244642,2007.0,6.510938095346618
6,5,72.5,17.0,0.22377924563244642,2007.0,7.38806544608948
7,5,72.0,17.0,0.22377924563244642,2007.0,7.119376159752302
8,5,67.1,17.0,0.22377924563244642,2007.0,8.995785213923313
9,5,61.35,17.0,0.22377924563244642,2007.0,6.660639957176648
10,5,43.75,17.0,0.22377924563244642,2007.0,5.512752573078208
11,5,30.75,17.0,0.22377924563244642,2007.0,6.744677773673282
0,3,35.15,39.2,0.092162500921625,2000.0,1.3241741465459627
1,3,28.6,39.2,0.092162500921625,2000.0,1.2029846447967238
2,3,34.05,39.2,0.092162500921625,2000.0,1.1707139089929568
3,3,51.65,39.2,0.092162500921625,2000.0,1.2461694975835012
4,3,56.35,39.2,0.092162500921625,2000.0,1.2200602311719024
5,3,69.5,39.2,0.092162500921625,2000.0,1.40377257832089
6,3,72.5,39.2,0.092162500921625,2000.0,1.5928831649425144
7,3,72.0,39.2,0.092162500921625,2000.0,1.5349531636546336
8,3,67.1,39.2,0.092162500921625,2000.0,1.9395110840932974
9,3,61.35,39.2,0.092162500921625,2000.0,1.4360486290962418
10,3,43.75,39.2,0.092162500921625,2000.0,1.1885615835736403
11,3,30.75,39.2,0.092162500921625,2000.0,1.4541673672277333
0,2,35.15,3.7,0.12392251198221346,2002.0,3.6148195395747655
1,2,28.6,3.7,0.12392251198221346,2002.0,3.2839882965262723
2,2,34.05,3.7,0.12392251198221346,2002.0,3.1958934740709366
3,2,51.65,3.7,0.12392251198221346,2002.0,3.401877208701831
4,2,56.35,3.7,0.12392251198221346,2002.0,3.3306023793036013
5,2,69.5,3.7,0.12392251198221346,2002.0,3.832112685835064
6,2,72.5,3.7,0.12392251198221346,2002.0,4.348359469117632
7,2,72.0,3.7,0.12392251198221346,2002.0,4.190218260025725
8,2,67.1,3.7,0.12392251198221346,2002.0,5.2946076483142805
9,2,61.35,3.7,0.12392251198221346,2002.0,3.920222017456876
10,2,43.75,3.7,0.12392251198221346,2002.0,3.2446152550983896
11,2,30.75,3.7,0.12392251198221346,2002.0,3.9696837659746196
0,8,35.15,33.0,0.1352265043948614,2012.0,5.978883155746092
1,8,28.6,33.0,0.1352265043948614,2012.0,5.431690875522372
2,8,34.05,33.0,0.1352265043948614,2012.0,5.2859827303936076
3,8,51.65,33.0,0.1352265043948614,2012.0,5.626678211277061
4,8,56.35,33.0,0.1352265043948614,2012.0,5.508790202691193
5,8,69.5,33.0,0.1352265043948614,2012.0,6.338284314728319
6,8,72.5,33.0,0.1352265043948614,2012.0,7.192152443685966
7,8,72.0,33.0,0.1352265043948614,2012.0,6.930588124660472
8,8,67.1,33.0,0.1352265043948614,2012.0,8.757239507595049
9,8,61.35,33.0,0.1352265043948614,2012.0,6.484016457904592
10,8,43.75,33.0,0.1352265043948614,2012.0,5.366568173930647
11,8,30.75,33.0,0.1352265043948614,2012.0,6.565825801864615
0,3,35.15,65.5,0.06097499858003429,1924.0,0.8698003542000009
1,3,28.6,65.5,0.06097499858003429,1924.0,0.7901955138383554
2,3,34.05,65.5,0.06097499858003429,1924.0,0.7689980773035703
3,3,51.65,65.5,0.06097499858003429,1924.0,0.8185620246541667
4,3,56.35,65.5,0.06097499858003429,1924.0,0.801411826372507
5,3,69.5,65.5,0.06097499858003429,1924.0,0.9220855799251759
6,3,72.5,65.5,0.06097499858003429,1924.0,1.0463052346099604
7,3,72.0,65.5,0.06097499858003429,1924.0,1.0082531885324575
8,3,67.1,65.5,0.06097499858003429,1924.0,1.2739921197824275
9,3,61.35,65.5,0.06097499858003429,1924.0,0.9432865076655391
10,3,43.75,65.5,0.06097499858003429,1924.0,0.7807215456346944
11,3,30.75,65.5,0.06097499858003429,1924.0,0.955188027481144
0,1,35.15,4.0,0.04651162790697675,1923.0,0.0
1,1,28.6,4.0,0.04651162790697675,1923.0,0.0
2,1,34.05,4.0,0.04651162790697675,1923.0,0.0
3,1,51.65,4.0,0.04651162790697675,1923.0,0.0
4,1,56.35,4.0,0.04651162790697675,1923.0,0.0
5,1,69.5,4.0,0.04651162790697675,1923.0,0.0
6,1,72.5,4.0,0.04651162790697675,1923.0,0.0
7,1,72.0,4.0,0.04651162790697675,1923.0,0.0
8,1,67.1,4.0,0.04651162790697675,1923.0,0.0
9,1,61.35,4.0,0.04651162790697675,1923.0,0.0
10,1,43.75,4.0,0.04651162790697675,1923.0,0.0
11,1,30.75,4.0,0.04651162790697675,1923.0,0.0
0,1,35.15,11.6,0.0881803032059583,1911.0,7.26450619904273
1,1,28.6,11.6,0.0881803032059583,1911.0,6.5996526455938325
2,1,34.05,11.6,0.0881803032059583,1911.0,6.422613272860542
3,1,51.65,11.6,0.0881803032059583,1911.0,6.836567579775718
4,1,56.35,11.6,0.0881803032059583,1911.0,6.6933304321586435
5,1,69.5,11.6,0.0881803032059583,1911.0,7.70118841532928
6,1,72.5,11.6,0.0881803032059583,1911.0,8.738661494229715
7,1,72.0,11.6,0.0881803032059583,1911.0,8.420853708475793
8,1,67.1,11.6,0.0881803032059583,1911.0,10.640284988390528
9,1,61.35,11.6,0.0881803032059583,1911.0,7.878256946345204
10,1,43.75,11.6,0.0881803032059583,1911.0,6.520526785949489
11,1,30.75,11.6,0.0881803032059583,1911.0,7.977657531848543
0,7,35.15,5.6,0.09459701670882043,1958.0,3.078637549088122
1,7,28.6,5.6,0.09459701670882043,1958.0,2.7968781206823534
2,7,34.05,5.6,0.09459701670882043,1958.0,2.7218503010852646
3,7,51.65,5.6,0.09459701670882043,1958.0,2.897280707221299
4,7,56.35,5.6,0.09459701670882043,1958.0,2.8365779906159623
5,7,69.5,5.6,0.09459701670882043,1958.0,3.2636998549411955
6,7,72.5,5.6,0.09459701670882043,1958.0,3.703372351509762
7,7,72.0,5.6,0.09459701670882043,1958.0,3.5686880445786855
8,7,67.1,5.6,0.09459701670882043,1958.0,4.509264635574864
9,7,61.35,5.6,0.09459701670882043,1958.0,3.338740031576923
10,7,43.75,5.6,0.09459701670882043,1958.0,2.7633452368316864
11,7,30.75,5.6,0.09459701670882043,1958.0,3.380865176293882
0,3,35.15,42.7,0.08164363035606226,1958.0,1.6584580040268793
1,3,28.6,42.7,0.08164363035606226,1958.0,1.5066745700243953
2,3,34.05,42.7,0.08164363035606226,1958.0,1.466257182153474
3,3,51.65,42.7,0.08164363035606226,1958.0,1.5607613115181564
4,3,56.35,42.7,0.08164363035606226,1958.0,1.5280608378134442
5,3,69.5,42.7,0.08164363035606226,1958.0,1.7581508251180165
6,3,72.5,42.7,0.08164363035606226,1958.0,1.9950018215273206
7,3,72.0,42.7,0.08164363035606226,1958.0,1.9224475622859827
8,3,67.1,42.7,0.08164363035606226,1958.0,2.4291349364460117
9,3,61.35,42.7,0.08164363035606226,1958.0,1.7985748697094217
10,3,43.75,42.7,0.08164363035606226,1958.0,1.4886104495381385
11,3,30.75,42.7,0.08164363035606226,1958.0,1.8212676298387602
0,4,35.15,11.6,0.15943956991176017,1905.0,5.901432357273952
1,4,28.6,11.6,0.15943956991176017,1905.0,5.361328437521098
2,4,34.05,11.6,0.15943956991176017,1905.0,5.217507804138282
3,4,51.65,11.6,0.15943956991176017,1905.0,5.55378989604207
4,4,56.35,11.6,0.15943956991176017,1905.0,5.437429015543073
5,4,69.5,11.6,0.15943956991176017,1905.0,6.256177812839691
6,4,72.5,11.6,0.15943956991176017,1905.0,7.098984884630814
7,4,72.0,11.6,0.15943956991176017,1905.0,6.840808884933969
8,4,67.1,11.6,0.15943956991176017,1905.0,8.643797720122892
9,4,61.35,11.6,0.15943956991176017,1905.0,6.400022133397921
10,4,43.75,11.6,0.15943956991176017,1905.0,5.297049339175256
11,4,30.75,11.6,0.15943956991176017,1905.0,6.480771714380958
0,4,35.15,67.1,0.14664914813620297,1983.0,15.988107483459215
1,4,28.6,67.1,0.14664914813620297,1983.0,14.524862800055754
2,4,34.05,67.1,0.14664914813620297,1983.0,14.135225233164142
3,4,51.65,67.1,0.14664914813620297,1983.0,15.046277653089506
4,4,56.35,67.1,0.14664914813620297,1983.0,14.73103380182434
5,4,69.5,67.1,0.14664914813620297,1983.0,16.949180682216284
6,4,72.5,67.1,0.14664914813620297,1983.0,19.232506023564508
7,4,72.0,67.1,0.14664914813620297,1983.0,18.533057926406375
8,4,67.1,67.1,0.14664914813620297,1983.0,23.417699068305897
9,4,61.35,67.1,0.14664914813620297,1983.0,17.338882422190554
10,4,43.75,67.1,0.14664914813620297,1983.0,14.35071844474065
11,4,30.75,67.1,0.14664914813620297,1983.0,17.557648460982783
0,9,35.15,3.5,0.14416437774102006,2003.0,1.126633413208778
1,9,28.6,3.5,0.14416437774102006,2003.0,1.0235230010647536
2,9,34.05,3.5,0.14416437774102006,2003.0,0.9960664242087616
3,9,51.65,3.5,0.14416437774102006,2003.0,1.0602655233538314
4,9,56.35,3.5,0.14416437774102006,2003.0,1.0380512458659301
5,9,69.5,3.5,0.14416437774102006,2003.0,1.1943573248336754
6,9,72.5,3.5,0.14416437774102006,2003.0,1.3552563321396147
7,9,72.0,3.5,0.14416437774102006,2003.0,1.3059683474373032
8,9,67.1,3.5,0.14416437774102006,2003.0,1.650174184662986
9,9,61.35,3.5,0.14416437774102006,2003.0,1.2218184237720484
10,9,43.75,3.5,0.14416437774102006,2003.0,1.0112515768438022
11,9,30.75,3.5,0.14416437774102006,2003.0,1.2372342026085141
0,3,35.15,42.3,0.06806690003889537,1914.0,0.6797543482927104
1,3,28.6,42.3,0.06806690003889537,1914.0,0.6175426739473432
2,3,34.05,42.3,0.06806690003889537,1914.0,0.6009767463898272
3,3,51.65,42.3,0.06806690003889537,1914.0,0.639711277328374
4,3,56.35,42.3,0.06806690003889537,1914.0,0.6263082914595504
5,3,69.5,42.3,0.06806690003889537,1914.0,0.7206155750863492
6,3,72.5,42.3,0.06806690003889537,1914.0,0.8176940023457447
7,3,72.0,42.3,0.06806690003889537,1914.0,0.7879560933443078
8,3,67.1,42.3,0.06806690003889537,1914.0,0.9956327091971101
9,3,61.35,42.3,0.06806690003889537,1914.0,0.7371842310425846
10,3,43.75,42.3,0.06806690003889537,1914.0,0.6101387092893285
11,3,30.75,42.3,0.06806690003889537,1914.0,0.7464853422767713
0,1,35.15,5.4,0.18892240012414896,1968.0,3.6885942772356253
1,1,28.6,5.4,0.18892240012414896,1968.0,3.351011109810628
2,1,34.05,5.4,0.18892240012414896,1968.0,3.261118362909889
3,1,51.65,5.4,0.18892240012414896,1968.0,3.4713060130664215
4,1,56.35,5.4,0.18892240012414896,1968.0,3.3985765379291415
5,1,69.5,5.4,0.18892240012414896,1968.0,3.910322152445834
6,1,72.5,5.4,0.18892240012414896,1968.0,4.437105000001591
7,1,72.0,5.4,0.18892240012414896,1968.0,4.275736291974702
8,1,67.1,5.4,0.18892240012414896,1968.0,5.4026651283614076
9,1,61.35,5.4,0.18892240012414896,1968.0,4.000229704630169
10,1,43.75,5.4,0.18892240012414896,1968.0,3.3108345052254555
11,1,30.75,5.4,0.18892240012414896,1968.0,4.050700916409133
0,5,35.15,10.7,0.09012539184952979,1928.0,5.298597996948305
1,5,28.6,10.7,0.09012539184952979,1928.0,4.8136659712818535
2,5,34.05,10.7,0.09012539184952979,1928.0,4.684536689807882
3,5,51.65,10.7,0.09012539184952979,1928.0,4.98646739250835
4,5,56.35,10.7,0.09012539184952979,1928.0,4.881992835992391
5,5,69.5,10.7,0.09012539184952979,1928.0,5.6171060211859
6,5,72.5,10.7,0.09012539184952979,1928.0,6.373819915720675
7,5,72.0,10.7,0.09012539184952979,1928.0,6.142016727606911
8,5,67.1,10.7,0.09012539184952979,1928.0,7.760829322972343
9,5,61.35,10.7,0.09012539184952979,1928.0,5.746256570178094
10,5,43.75,10.7,0.09012539184952979,1928.0,4.755953015998867
11,5,30.75,10.7,0.09012539184952979,1928.0,5.818757539798421
0,2,35.15,126.5,0.10899427499143215,1972.0,9.206710146940276
1,2,28.6,126.5,0.10899427499143215,1972.0,8.364104498455337
2,2,34.05,126.5,0.10899427499143215,1972.0,8.139732718090375
3,2,51.65,126.5,0.10899427499143215,1972.0,8.664359886602913
4,2,56.35,126.5,0.10899427499143215,1972.0,8.482827534058611
5,2,69.5,126.5,0.10899427499143215,1972.0,9.760141650956824
6,2,72.5,126.5,0.10899427499143215,1972.0,11.074988615221052
7,2,72.0,126.5,0.10899427499143215,1972.0,10.672213246089587
8,2,67.1,126.5,0.10899427499143215,1972.0,13.485021154205937
9,2,61.35,126.5,0.10899427499143215,1972.0,9.984550385224672
10,2,43.75,126.5,0.10899427499143215,1972.0,8.263823923986429
11,2,30.75,126.5,0.10899427499143215,1972.0,10.110526240167983
0,1,35.15,3.4,0.10598477955165854,1986.0,1.9105375361245183
1,1,28.6,3.4,0.10598477955165854,1986.0,1.7356835770133994
2,1,34.05,3.4,0.10598477955165854,1986.0,1.6891228944685264
3,1,51.65,3.4,0.10598477955165854,1986.0,1.797991304781958
4,1,56.35,3.4,0.10598477955165854,1986.0,1.760320479044912
5,1,69.5,3.4,0.10598477955165854,1986.0,2.025383300270667
6,1,72.5,3.4,0.10598477955165854,1986.0,2.298234779180431
7,1,72.0,3.4,0.10598477955165854,1986.0,2.2146525387198888
8,1,67.1,3.4,0.10598477955165854,1986.0,2.798354534828688
9,1,61.35,3.4,0.10598477955165854,1986.0,2.0719516513331153
10,1,43.75,3.4,0.10598477955165854,1986.0,1.7148737764864814
11,1,30.75,3.4,0.10598477955165854,1986.0,2.0980936277474114
0,4,35.15,37.0,0.1371405541411316,1917.0,8.390822710457432
1,4,28.6,37.0,0.1371405541411316,1917.0,7.622887747976092
2,4,34.05,37.0,0.1371405541411316,1917.0,7.4183995214299605
3,4,51.65,37.0,0.1371405541411316,1917.0,7.896534869433824
4,4,56.35,37.0,0.1371405541411316,1917.0,7.7310896928071084
5,4,69.5,37.0,0.1371405541411316,1917.0,8.895209788845897
6,4,72.5,37.0,0.1371405541411316,1917.0,10.093536617044226
7,4,72.0,37.0,0.1371405541411316,1917.0,9.726454710415032
8,4,67.1,37.0,0.1371405541411316,1917.0,12.28999500862032
9,4,61.35,37.0,0.1371405541411316,1917.0,9.099731694485063
10,4,43.75,37.0,0.1371405541411316,1917.0,7.531493915842573
11,4,30.75,37.0,0.1371405541411316,1917.0,9.214543722642475
0,3,35.15,30.7,0.13455487124043067,2008.0,3.2116491546066106
1,3,28.6,30.7,0.13455487124043067,2008.0,2.9177163951917002
2,3,34.05,30.7,0.13455487124043067,2008.0,2.8394470213083274
3,3,51.65,30.7,0.13455487124043067,2008.0,3.022456845159132
4,3,56.35,30.7,0.13455487124043067,2008.0,2.9591314860158966
5,3,69.5,30.7,0.13455487124043067,2008.0,3.4047070214927655
6,3,72.5,30.7,0.13455487124043067,2008.0,3.863375435488581
7,3,72.0,30.7,0.13455487124043067,2008.0,3.722872133753016
8,3,67.1,30.7,0.13455487124043067,2008.0,4.704086052296429
9,3,61.35,30.7,0.13455487124043067,2008.0,3.482989286296899
10,3,43.75,30.7,0.13455487124043067,2008.0,2.8827347332216458
11,3,30.75,30.7,0.13455487124043067,2008.0,3.526934435168995
0,3,35.15,44.1,0.0622506148523844,1896.0,0.8721929627452735
1,3,28.6,44.1,0.0622506148523844,1896.0,0.792369148891177
2,3,34.05,44.1,0.0622506148523844,1896.0,0.7711134033806066
3,3,51.65,44.1,0.0622506148523844,1896.0,0.8208136890568842
4,3,56.35,44.1,0.0622506148523844,1896.0,0.8036163147643576
5,3,69.5,44.1,0.0622506148523844,1896.0,0.9246220123689529
6,3,72.5,44.1,0.0622506148523844,1896.0,1.0491833650144873
7,3,72.0,44.1,0.0622506148523844,1896.0,1.01102664704283
8,3,67.1,44.1,0.0622506148523844,1896.0,1.277496561253028
9,3,61.35,44.1,0.0622506148523844,1896.0,0.945881258688556
10,3,43.75,44.1,0.0622506148523844,1896.0,0.7828691201126124
11,3,30.75,44.1,0.0622506148523844,1896.0,0.9578155166812322
0,6,35.15,65.3,0.15246068586585831,2003.0,6.1828807631375735
1,6,28.6,65.3,0.15246068586585831,2003.0,5.617018454910136
2,6,34.05,65.3,0.15246068586585831,2003.0,5.466338793829409
3,6,51.65,65.3,0.15246068586585831,2003.0,5.818658697057113
4,6,56.35,65.3,0.15246068586585831,2003.0,5.696748386802988
5,6,69.5,65.3,0.15246068586585831,2003.0,6.554544576300562
6,6,72.5,65.3,0.15246068586585831,2003.0,7.437546416487839
7,6,72.0,65.3,0.15246068586585831,2003.0,7.167057605400831
8,6,67.1,65.3,0.15246068586585831,2003.0,9.056033757351651
9,6,61.35,65.3,0.15246068586585831,2003.0,6.705249054234611
10,6,43.75,65.3,0.15246068586585831,2003.0,5.549673787281358
11,6,30.75,65.3,0.15246068586585831,2003.0,6.789849707205929
0,3,35.15,39.2,0.06632064590542099,1926.0,0.842958772241776
1,3,28.6,39.2,0.06632064590542099,1926.0,0.765810495431204
2,3,34.05,39.2,0.06632064590542099,1926.0,0.7452672006512541
3,3,51.65,39.2,0.06632064590542099,1926.0,0.7933016306263285
4,3,56.35,39.2,0.06632064590542099,1926.0,0.7766806784533351
5,3,69.5,39.2,0.06632064590542099,1926.0,0.8936305033704842
6,3,72.5,39.2,0.06632064590542099,1926.0,1.014016804773744
7,3,72.0,39.2,0.06632064590542099,1926.0,0.9771390248465541
8,3,67.1,39.2,0.06632064590542099,1926.0,1.2346773922910548
9,3,61.35,39.2,0.06632064590542099,1926.0,0.9141771816192422
10,3,43.75,39.2,0.06632064590542099,1926.0,0.7566288889089107
11,3,30.75,39.2,0.06632064590542099,1926.0,0.9257114267861125
0,3,35.15,31.9,0.06701075231223515,1915.0,0.9074720549707682
1,3,28.6,31.9,0.06701075231223515,1915.0,0.8244194697197029
2,3,34.05,31.9,0.06701075231223515,1915.0,0.8023039564304191
3,3,51.65,31.9,0.06701075231223515,1915.0,0.8540145552333791
4,3,56.35,31.9,0.06701075231223515,1915.0,0.8361215690984996
5,3,69.5,31.9,0.06701075231223515,1915.0,0.962021792740276
6,3,72.5,31.9,0.06701075231223515,1915.0,1.091621493131569
7,3,72.0,31.9,0.06701075231223515,1915.0,1.0519213846146507
8,3,67.1,31.9,0.06701075231223515,1915.0,1.3291696667781416
9,3,61.35,31.9,0.06701075231223515,1915.0,0.9841409484418502
10,3,43.75,31.9,0.06701075231223515,1915.0,0.8145351769012533
11,3,30.75,31.9,0.06701075231223515,1915.0,0.9965579319394895
0,3,35.15,50.0,0.10902528044656755,1992.0,3.1358066327394063
1,3,28.6,50.0,0.10902528044656755,1992.0,2.8488150430040786
2,3,34.05,50.0,0.10902528044656755,1992.0,2.772393986422665
3,3,51.65,50.0,0.10902528044656755,1992.0,2.9510820659299415
4,3,56.35,50.0,0.10902528044656755,1992.0,2.889252123846406
5,3,69.5,50.0,0.10902528044656755,1992.0,3.324305472538201
6,3,72.5,50.0,0.10902528044656755,1992.0,3.7721425137583267
7,3,72.0,50.0,0.10902528044656755,1992.0,3.6349571724291807
8,3,67.1,50.0,0.10902528044656755,1992.0,4.592999899322723
9,3,61.35,50.0,0.10902528044656755,1992.0,3.4007391156235807
10,3,43.75,50.0,0.10902528044656755,1992.0,2.8146594667411473
11,3,30.75,50.0,0.10902528044656755,1992.0,3.4436465076443383
0,1,35.15,17.0,0.18488275352047573,1996.0,4.4050696209168745
1,1,28.6,17.0,0.18488275352047573,1996.0,4.001914043591839
2,1,34.05,17.0,0.18488275352047573,1996.0,3.8945604615085365
3,1,51.65,17.0,0.18488275352047573,1996.0,4.145575119886835
4,1,56.35,17.0,0.18488275352047573,1996.0,4.058718616462293
5,1,69.5,17.0,0.18488275352047573,1996.0,4.669866086396113
6,1,72.5,17.0,0.18488275352047573,1996.0,5.298971632893634
7,1,72.0,17.0,0.18488275352047573,1996.0,5.106258544907015
8,1,67.1,17.0,0.18488275352047573,1996.0,6.452082891254655
9,1,61.35,17.0,0.18488275352047573,1996.0,4.777237349552501
10,1,43.75,17.0,0.18488275352047573,1996.0,3.9539335049291893
11,1,30.75,17.0,0.18488275352047573,1996.0,4.837512127700506
0,3,35.15,51.9,0.1295672454003628,2004.0,3.381025240995303
1,3,28.6,51.9,0.1295672454003628,2004.0,3.0715910435171105
2,3,34.05,51.9,0.1295672454003628,2004.0,2.9891938961459505
3,3,51.65,51.9,0.1295672454003628,2004.0,3.1818552996813145
4,3,56.35,51.9,0.1295672454003628,2004.0,3.115190285119786
5,3,69.5,51.9,0.1295672454003628,2004.0,3.5842646016765767
6,3,72.5,51.9,0.1295672454003628,2004.0,4.06712228952296
7,3,72.0,51.9,0.1295672454003628,2004.0,3.9192091188300315
8,3,67.1,51.9,0.1295672454003628,2004.0,4.952170337726789
9,3,61.35,51.9,0.1295672454003628,2004.0,3.666675319810411
10,3,43.75,51.9,0.1295672454003628,2004.0,3.0347645172064537
11,3,30.75,51.9,0.1295672454003628,2004.0,3.7129380497673057
0,4,35.15,15.5,0.11320235714814697,1983.0,10.49404445992492
1,4,28.6,15.5,0.11320235714814697,1983.0,9.533620921412258
2,4,34.05,15.5,0.11320235714814697,1983.0,9.277876209009756
3,4,51.65,15.5,0.11320235714814697,1983.0,9.875859717058479
4,4,56.35,15.5,0.11320235714814697,1983.0,9.668944483700363
5,4,69.5,15.5,0.11320235714814697,1983.0,11.124859888669887
6,4,72.5,15.5,0.11320235714814697,1983.0,12.623556196120354
7,4,72.0,15.5,0.11320235714814697,1983.0,12.16446249559444
8,4,67.1,15.5,0.11320235714814697,1983.0,15.37057312294065
9,4,61.35,15.5,0.11320235714814697,1983.0,11.380646722079096
10,4,43.75,15.5,0.11320235714814697,1983.0,9.419318549539144
11,4,30.75,15.5,0.11320235714814697,1983.0,11.524237233950647
0,1,35.15,5.1,0.0944480055987539,1981.0,2.441268815753057
1,1,28.6,5.1,0.0944480055987539,1981.0,2.2178418955184402
2,1,34.05,5.1,0.0944480055987539,1981.0,2.1583470464575067
3,1,51.65,5.1,0.0944480055987539,1981.0,2.2974581866960344
4,1,56.35,5.1,0.0944480055987539,1981.0,2.249322721992176
5,1,69.5,5.1,0.0944480055987539,1981.0,2.5880177685111625
6,1,72.5,5.1,0.0944480055987539,1981.0,2.9366650963965313
7,1,72.0,5.1,0.0944480055987539,1981.0,2.829864411600252
8,1,67.1,5.1,0.0944480055987539,1981.0,3.5757139193172
9,1,61.35,5.1,0.0944480055987539,1981.0,2.6475224163394406
10,1,43.75,5.1,0.0944480055987539,1981.0,2.1912513072008415
11,1,30.75,5.1,0.0944480055987539,1981.0,2.680926414217352
0,3,35.15,40.5,0.07266432633710435,1926.0,1.0989678865859558
1,3,28.6,40.5,0.07266432633710435,1926.0,0.9983894460831205
2,3,34.05,40.5,0.07266432633710435,1926.0,0.9716070908941546
3,3,51.65,40.5,0.07266432633710435,1926.0,1.0342297217171101
4,3,56.35,40.5,0.07266432633710435,1926.0,1.0125609363813526
5,3,69.5,40.5,0.07266432633710435,1926.0,1.1650287748546366
6,3,72.5,40.5,0.07266432633710435,1926.0,1.3219767580581305
7,3,72.0,40.5,0.07266432633710435,1926.0,1.273899085456437
8,3,67.1,40.5,0.07266432633710435,1926.0,1.6096526296453133
9,3,61.35,40.5,0.07266432633710435,1926.0,1.1918155410820634
10,3,43.75,40.5,0.07266432633710435,1926.0,0.9864193580461526
11,3,30.75,40.5,0.07266432633710435,1926.0,1.2068527711955714
0,1,35.15,18.5,0.10664781539567862,1902.0,3.2691113724174157
1,1,28.6,18.5,0.10664781539567862,1902.0,2.969919623794732
2,1,34.05,18.5,0.10664781539567862,1902.0,2.8902498691121203
3,1,51.65,18.5,0.10664781539567862,1902.0,3.07653407003632
4,1,56.35,18.5,0.10664781539567862,1902.0,3.0120757055724954
5,1,69.5,18.5,0.10664781539567862,1902.0,3.4656233940580488
6,1,72.5,18.5,0.10664781539567862,1902.0,3.932498216362867
7,1,72.0,18.5,0.10664781539567862,1902.0,3.7894810561892203
8,1,67.1,18.5,0.10664781539567862,1902.0,4.7882506681449915
9,1,61.35,18.5,0.10664781539567862,1902.0,3.545306270303331
10,1,43.75,18.5,0.10664781539567862,1902.0,2.9343120765605213
11,1,30.75,18.5,0.10664781539567862,1902.0,3.5900376774479397
0,1,35.15,15.5,0.16719866241070072,1957.0,4.123732130681183
1,1,28.6,15.5,0.16719866241070072,1957.0,3.7463247907416757
2,1,34.05,15.5,0.16719866241070072,1957.0,3.645827533291181
3,1,51.65,15.5,0.16719866241070072,1957.0,3.880810700665298
4,1,56.35,15.5,0.16719866241070072,1957.0,3.799501440028493
5,1,69.5,15.5,0.16719866241070072,1957.0,4.371616905896214
6,1,72.5,15.5,0.16719866241070072,1957.0,4.960543524300398
7,1,72.0,15.5,0.16719866241070072,1957.0,4.780138395364478
8,1,67.1,15.5,0.16719866241070072,1957.0,6.040009311577516
9,1,61.35,15.5,0.16719866241070072,1957.0,4.47213071518708
10,1,43.75,15.5,0.16719866241070072,1957.0,3.701408613255841
11,1,30.75,15.5,0.16719866241070072,1957.0,4.528555939010642
0,5,35.15,22.9,0.13942917694956847,1990.0,2.5836686369210433
1,5,28.6,22.9,0.13942917694956847,1990.0,2.3472091684966405
2,5,34.05,22.9,0.13942917694956847,1990.0,2.284243969996094
3,5,51.65,22.9,0.13942917694956847,1990.0,2.431469497869697
4,5,56.35,22.9,0.13942917694956847,1990.0,2.380526279459472
5,5,69.5,22.9,0.13942917694956847,1990.0,2.7389774928305344
6,5,72.5,22.9,0.13942917694956847,1990.0,3.107961506631525
7,5,72.0,22.9,0.13942917694956847,1990.0,2.9949311111546884
8,5,67.1,22.9,0.13942917694956847,1990.0,3.784286207372083
9,5,61.35,22.9,0.13942917694956847,1990.0,2.8019530616629775
10,5,43.75,22.9,0.13942917694956847,1990.0,2.3190675445058115
11,5,30.75,22.9,0.13942917694956847,1990.0,2.837305523099435
0,4,35.15,26.3,0.1364718854359192,1997.0,8.59235640639997
1,4,28.6,26.3,0.1364718854359192,1997.0,7.805976915107473
2,4,34.05,26.3,0.1364718854359192,1997.0,7.5965772192698715
3,4,51.65,26.3,0.1364718854359192,1997.0,8.086196588229617
4,4,56.35,26.3,0.1364718854359192,1997.0,7.916777691853123
5,4,69.5,26.3,0.1364718854359192,1997.0,9.108858028928024
6,4,72.5,26.3,0.1364718854359192,1997.0,10.33596668734342
7,4,72.0,26.3,0.1364718854359192,1997.0,9.96006807990795
8,4,67.1,26.3,0.1364718854359192,1997.0,12.585180379908852
9,4,61.35,26.3,0.1364718854359192,1997.0,9.318292212774821
10,4,43.75,26.3,0.1364718854359192,1997.0,7.712387954151452
11,4,30.75,26.3,0.1364718854359192,1997.0,9.435861836125417
0,3,35.15,75.0,0.07607945035523252,1966.0,1.4221284910948098
1,3,28.6,75.0,0.07607945035523252,1966.0,1.29197412755529
2,3,34.05,75.0,0.07607945035523252,1966.0,1.2573161991137474
3,3,51.65,75.0,0.07607945035523252,1966.0,1.3383535329318466
4,3,56.35,75.0,0.07607945035523252,1966.0,1.3103128618899198
5,3,69.5,75.0,0.07607945035523252,1966.0,1.5076151304230772
6,3,72.5,75.0,0.07607945035523252,1966.0,1.7107149673318245
7,3,72.0,75.0,0.07607945035523252,1966.0,1.6484996571057882
8,3,67.1,75.0,0.07607945035523252,1966.0,2.082984310392984
9,3,61.35,75.0,0.07607945035523252,1966.0,1.5422787670054556
10,3,43.75,75.0,0.07607945035523252,1966.0,1.2764841360404617
11,3,30.75,75.0,0.07607945035523252,1966.0,1.5617378191147966
0,3,35.15,69.7,0.06424670735624799,1974.0,0.8071488695112043
1,3,28.6,69.7,0.06424670735624799,1974.0,0.7332779443095024
2,3,34.05,69.7,0.06424670735624799,1974.0,0.7136073534055429
3,3,51.65,69.7,0.06424670735624799,1974.0,0.7596012230094957
4,3,56.35,69.7,0.06424670735624799,1974.0,0.7436863488799416
5,3,69.5,69.7,0.06424670735624799,1974.0,0.8556680045430914
6,3,72.5,69.7,0.06424670735624799,1974.0,0.970940151037115
7,3,72.0,69.7,0.06424670735624799,1974.0,0.9356289835654786
8,3,67.1,69.7,0.06424670735624799,1974.0,1.1822268113403445
9,3,61.35,69.7,0.06424670735624799,1974.0,0.8753418351820339
10,3,43.75,69.7,0.06424670735624799,1974.0,0.7244863834778179
11,3,30.75,69.7,0.06424670735624799,1974.0,0.8863860917384319
0,1,35.15,13.2,0.08897941680960549,1931.0,3.1072220909137647
1,1,28.6,13.2,0.08897941680960549,1931.0,2.8228465818432165
2,1,34.05,13.2,0.08897941680960549,1931.0,2.7471221437539652
3,1,51.65,13.2,0.08897941680960549,1931.0,2.9241813865756208
4,1,56.35,13.2,0.08897941680960549,1931.0,2.862915057231185
5,1,69.5,13.2,0.08897941680960549,1931.0,3.2940026637396986
6,1,72.5,13.2,0.08897941680960549,1931.0,3.7377574326340453
7,1,72.0,13.2,0.08897941680960549,1931.0,3.6018226085039338
8,1,67.1,13.2,0.08897941680960549,1931.0,4.551132267448795
9,1,61.35,13.2,0.08897941680960549,1931.0,3.3697395736002522
10,1,43.75,13.2,0.08897941680960549,1931.0,2.7890023517864173
11,1,30.75,13.2,0.08897941680960549,1931.0,3.412255841969111
0,1,35.15,0.5,0.09080835039537105,1919.0,2.473569031114239
1,1,28.6,0.5,0.09080835039537105,1919.0,2.2471859687315328
2,1,34.05,0.5,0.09080835039537105,1919.0,2.1869039484974993
3,1,51.65,0.5,0.09080835039537105,1919.0,2.3278556561327224
4,1,56.35,0.5,0.09080835039537105,1919.0,2.27908331528216
5,1,69.5,0.5,0.09080835039537105,1919.0,2.6222596065021544
6,1,72.5,0.5,0.09080835039537105,1919.0,2.975519856857646
7,1,72.0,0.5,0.09080835039537105,1919.0,2.8673061014902843
8,1,67.1,0.5,0.09080835039537105,1919.0,3.6230238791703084
9,1,61.35,0.5,0.09080835039537105,1919.0,2.682551555150171
10,1,43.75,0.5,0.09080835039537105,1919.0,2.220243562652737
11,1,30.75,0.5,0.09080835039537105,1919.0,2.716397518418546
0,1,35.15,7.9,0.06571899870533572,1926.0,1.8013490229756823
1,1,28.6,7.9,0.06571899870533572,1926.0,1.6364880859604591
2,1,34.05,7.9,0.06571899870533572,1926.0,1.5925883779330419
3,1,51.65,7.9,0.06571899870533572,1926.0,1.6952348849201908
4,1,56.35,7.9,0.06571899870533572,1926.0,1.6597169723678082
5,1,69.5,7.9,0.06571899870533572,1926.0,1.9096312739788253
6,1,72.5,7.9,0.06571899870533572,1926.0,2.166889106216223
7,1,72.0,7.9,0.06571899870533572,1926.0,2.0880836473624154
8,1,67.1,7.9,0.06571899870533572,1926.0,2.6384266793723414
9,1,61.35,7.9,0.06571899870533572,1926.0,1.9535382122628488
10,1,43.75,7.9,0.06571899870533572,1926.0,1.6168675796167202
11,1,30.75,7.9,0.06571899870533572,1926.0,1.9781861570334438
0,10,35.15,14.4,0.09030726318012657,1915.0,4.729046247545474
1,10,28.6,14.4,0.09030726318012657,1915.0,4.296240064171428
2,10,34.05,14.4,0.09030726318012657,1915.0,4.180991021999437
3,10,51.65,14.4,0.09030726318012657,1915.0,4.450466882868061
4,10,56.35,14.4,0.09030726318012657,1915.0,4.357222403905829
5,10,69.5,14.4,0.09030726318012657,1915.0,5.013317516605975
6,10,72.5,14.4,0.09030726318012657,1915.0,5.688691456179468
7,10,72.0,14.4,0.09030726318012657,1915.0,5.481805031213877
8,10,67.1,14.4,0.09030726318012657,1915.0,6.926609795417795
9,10,61.35,14.4,0.09030726318012657,1915.0,5.1285855402287766
10,10,43.75,14.4,0.09030726318012657,1915.0,4.244730733821596
11,10,30.75,14.4,0.09030726318012657,1915.0,5.193293306042278
0,3,35.15,45.5,0.08950948800572862,1923.0,1.8903350467521824
1,3,28.6,45.5,0.08950948800572862,1923.0,1.7173300360044748
2,3,34.05,45.5,0.08950948800572862,1923.0,1.6712616974604373
3,3,51.65,45.5,0.08950948800572862,1923.0,1.7789789066795414
4,3,56.35,45.5,0.08950948800572862,1923.0,1.7417064214316038
5,3,69.5,45.5,0.08950948800572862,1923.0,2.0039664038083105
6,3,72.5,45.5,0.08950948800572862,1923.0,2.2739326847051204
7,3,72.0,45.5,0.08950948800572862,1923.0,2.1912342632183974
8,3,67.1,45.5,0.08950948800572862,1923.0,2.7687640522126897
9,3,61.35,45.5,0.08950948800572862,1923.0,2.0500423297811508
10,3,43.75,45.5,0.08950948800572862,1923.0,1.6967402833782321
11,3,30.75,45.5,0.08950948800572862,1923.0,2.075907874567857
0,2,35.15,48.3,0.12068499136478077,2004.0,4.469226389127532
1,2,28.6,48.3,0.12068499136478077,2004.0,4.060199131862534
2,2,34.05,48.3,0.12068499136478077,2004.0,3.9512820196934415
3,2,51.65,48.3,0.12068499136478077,2004.0,4.205952531586195
4,2,56.35,48.3,0.12068499136478077,2004.0,4.117831023737811
5,2,69.5,48.3,0.12068499136478077,2004.0,4.737879430534217
6,2,72.5,48.3,0.12068499136478077,2004.0,5.376147460760719
7,2,72.0,48.3,0.12068499136478077,2004.0,5.180627640989791
8,2,67.1,48.3,0.12068499136478077,2004.0,6.546052980754401
9,2,61.35,48.3,0.12068499136478077,2004.0,4.846814481288899
10,2,43.75,48.3,0.12068499136478077,2004.0,4.011519790101975
11,2,30.75,48.3,0.12068499136478077,2004.0,4.907967119562479
0,2,35.15,45.7,0.14743014718096947,2004.0,4.233934729571062
1,2,28.6,45.7,0.14743014718096947,2004.0,3.846441557578593
2,2,34.05,45.7,0.14743014718096947,2004.0,3.743258611872562
3,2,51.65,45.7,0.14743014718096947,2004.0,3.984521468353383
4,2,56.35,45.7,0.14743014718096947,2004.0,3.9010392994014804
5,2,69.5,45.7,0.14743014718096947,2004.0,4.488443976402638
6,2,72.5,45.7,0.14743014718096947,2004.0,5.093109067104935
7,2,72.0,45.7,0.14743014718096947,2004.0,4.907882792315752
8,2,67.1,45.7,0.14743014718096947,2004.0,6.201422493220078
9,2,61.35,45.7,0.14743014718096947,2004.0,4.591643916280347
10,2,43.75,45.7,0.14743014718096947,2004.0,3.8003250403678988
11,2,30.75,45.7,0.14743014718096947,2004.0,4.649577047531269
0,5,35.15,5.8,0.06936037126715093,1981.0,5.983105872152153
1,5,28.6,5.8,0.06936037126715093,1981.0,5.4355271254665904
2,5,34.05,5.8,0.06936037126715093,1981.0,5.289716070787848
3,5,51.65,5.8,0.06936037126715093,1981.0,5.630652175272586
4,5,56.35,5.8,0.06936037126715093,1981.0,5.512680905713896
5,5,69.5,5.8,0.06936037126715093,1981.0,6.342760866028097
6,5,72.5,5.8,0.06936037126715093,1981.0,7.197232057942964
7,5,72.0,5.8,0.06936037126715093,1981.0,6.935483003422157
8,5,67.1,5.8,0.06936037126715093,1981.0,8.763424498667336
9,5,61.35,5.8,0.06936037126715093,1981.0,6.4885959357034935
10,5,43.75,5.8,0.06936037126715093,1981.0,5.3703584295489595
11,5,30.75,5.8,0.06936037126715093,1981.0,6.570463059293911
